task,fleet_size,locations,infrastructure,policy,order,seed,policy_seed,day,started_utc,process_seconds,requests,steps,reset_seconds,wall_seconds,agent_seconds,environment_seconds,overhead_seconds,ms_per_decision_epoch,agent_ms_per_epoch,environment_ms_per_epoch,reward
1,100,5,S05_1_20,random,0,100000,200000,5,2026-09-09T15:15:18.527114+00:00,1.8230009369999998,2000,3535,0.014679688960313797,1.8364032569807023,0.5200358059955761,1.31363494717516,0.002732503809966147,0.5194917275758705,0.14711055332265235,0.371608188734133,23961.710642097954
1,100,5,S05_1_20,ppo_sampled,1,100000,200000,5,2026-09-09T15:15:20.378949+00:00,1.9713902119999993,2000,3571,0.01436097000259906,1.985975245013833,0.6806962862610817,1.3025400070473552,0.0027389517053961754,0.5561398053805189,0.19061783429321807,0.36475497256996786,26226.60108639901
1,100,5,S05_1_20,nearest,2,100000,200000,5,2026-09-09T15:15:22.379293+00:00,1.131618715,2000,2096,0.01383189798798412,1.1397312439512461,0.40639267407823354,0.7317286988254637,0.0016098710475489497,0.5437649064652892,0.19388963457930988,0.3491072036381029,22314.425773328625
1,100,5,S05_1_20,ppo_sampled,0,100001,200001,17,2026-09-09T15:15:23.619884+00:00,1.9833435640000001,2000,3556,0.10033017303794622,1.9980181569699198,0.6831863257102668,1.3121045049047098,0.002727326354943216,0.5618723726012148,0.19212213883865772,0.36898326909581264,25604.809374701566
1,100,5,S05_1_20,nearest,1,100001,200001,17,2026-09-09T15:15:25.633194+00:00,1.1343973369999993,2000,2096,0.014801757060922682,1.1418902239529416,0.4074161594035104,0.7329073054715991,0.0015667590778321028,0.5447949541760218,0.19437793864671296,0.34966951596927437,20856.86948233018
1,100,5,S05_1_20,random,2,100001,200001,17,2026-09-09T15:15:26.790307+00:00,1.8155553970000007,2000,3524,0.014688563998788595,1.828681400977075,0.5138193544698879,1.312100155511871,0.0027618909953162074,0.5189220774622801,0.14580571920257887,0.3723326207468419,23723.52875407983
1,100,5,S05_1_20,nearest,0,100002,200002,31,2026-09-09T15:15:28.704270+00:00,1.1185834230000005,2000,2096,0.08479765499942005,1.1264564819866791,0.405092517263256,0.7197888005757704,0.0015751641476526856,0.5374315276654004,0.19326933075537023,0.3434106872976004,20087.01358020497
1,100,5,S05_1_20,random,1,100002,200002,31,2026-09-09T15:15:29.845585+00:00,1.8231557029999976,2000,3524,0.014315475011244416,1.8366191319655627,0.51954826049041,1.3143238496268168,0.002747021848335862,0.521174555041306,0.14743140195528093,0.3729636349678822,24124.712250717766
1,100,5,S05_1_20,ppo_sampled,2,100002,200002,31,2026-09-09T15:15:31.696936+00:00,1.9413976139999995,2000,3519,0.014266391983255744,1.9529550309525803,0.6631469081621617,1.287105494295247,0.002702628495171666,0.5549744333482751,0.18844754423477172,0.36575887874261065,26419.010853183343
1,100,5,S05_1_20,random,0,100003,200003,30,2026-09-09T15:15:33.740942+00:00,1.8194800300000011,2000,3516,0.09051209490280598,1.8300212550675496,0.5175734682707116,1.309712880058214,0.0027349067386239767,0.5204838609407137,0.14720519575389976,0.37250081912918487,24573.051201873008
1,100,5,S05_1_20,ppo_sampled,1,100003,200003,30,2026-09-09T15:15:35.585965+00:00,1.9531679900000007,2000,3564,0.014484461979009211,1.9661623870488256,0.6685214159078896,1.2948466556845233,0.0027943154564127326,0.5516729481057311,0.1875761548563102,0.3633127541202366,27202.437581827937
1,100,5,S05_1_20,nearest,2,100003,200003,30,2026-09-09T15:15:37.566878+00:00,1.1146046790000028,2000,2096,0.014259740943089128,1.122133461991325,0.40272132377140224,0.717872656416148,0.0015394818037748337,0.5353690181256322,0.19213803615047817,0.34249649638174995,20086.382032487672
1,100,5,S05_1_20,ppo_sampled,0,100004,200004,18,2026-09-09T15:15:38.805193+00:00,1.932527737000001,2000,3513,0.11569812195375562,1.9457944380119443,0.6617740597575903,1.2813606841955334,0.0026596940588206053,0.5538839846319227,0.18837861080489335,0.3647482733263687,26086.548193728086
1,100,5,S05_1_20,nearest,1,100004,200004,18,2026-09-09T15:15:40.766282+00:00,1.1324385550000002,2000,2096,0.014735223026946187,1.1390693220309913,0.4106131821172312,0.7268662470160052,0.0015898928977549076,0.5434491040224195,0.19590323574295382,0.3467873315916055,20713.754601097906
1,100,5,S05_1_20,random,2,100004,200004,18,2026-09-09T15:15:41.920308+00:00,1.801231197,2000,3489,0.014403420034796,1.811962126987055,0.5118238795548677,1.2973833365831524,0.0027549108490347862,0.5193356626503454,0.14669644011317504,0.37184962355493045,23620.15517156429
2,100,10,S10_2_10,ppo_sampled,0,100000,200000,5,2026-09-09T15:15:50.063524+00:00,2.2501996350000013,2000,3585,0.014461247948929667,2.263670644024387,0.7335824181791395,1.52730375144165,0.0027844744035974145,0.6314283525869978,0.2046255001894392,0.426026151029749,26649.608921248095
2,100,10,S10_2_10,nearest,1,100000,200000,5,2026-09-09T15:15:52.341872+00:00,1.1985360549999982,2000,2096,0.014117734041064978,1.206367208971642,0.4239930413896218,0.7808139190310612,0.0015602485509589314,0.5755568745093712,0.20228675638817833,0.37252572472855977,26792.692239723576
2,100,10,S10_2_10,random,2,100000,200000,5,2026-09-09T15:15:53.563612+00:00,2.0552983010000005,2000,3563,0.014853404019959271,2.070684493985027,0.5450488144997507,1.5227914449060336,0.002844234579242766,0.5811632034760109,0.15297468832437572,0.42739024555319494,24850.664290994708
2,100,10,S10_2_10,nearest,0,100001,200001,17,2026-09-09T15:15:55.675118+00:00,1.2106858309999993,2000,2096,0.04033753101248294,1.2191101340577006,0.42283428937662393,0.7947557719890028,0.0015200726920738816,0.581636514340506,0.20173391668732057,0.37917737213215785,26484.978394270598
2,100,10,S10_2_10,random,1,100001,200001,17,2026-09-09T15:15:56.909286+00:00,2.053705627999996,2000,3549,0.014571925974451005,2.0663983339909464,0.540445321588777,1.5232376388739794,0.002715373528189957,0.5822480512795003,0.15228101481791406,0.4292019269861875,24008.233878259627
2,100,10,S10_2_10,ppo_sampled,2,100001,200001,17,2026-09-09T15:15:58.990409+00:00,2.267083891999995,2000,3567,0.014193256036378443,2.2807480500778183,0.7351847649551928,1.5428522016154602,0.0027110835071653128,0.6394023128897725,0.20610730724844206,0.43253495980248396,25253.811462816568
2,100,10,S10_2_10,random,0,100002,200002,31,2026-09-09T15:16:01.311101+00:00,2.0388909539999958,2000,3532,0.03947229799814522,2.053800550987944,0.539650866878219,1.5113798738457263,0.0027698102639988065,0.5814837347077985,0.1527890336574799,0.42791049655881264,23981.861446552743
2,100,10,S10_2_10,ppo_sampled,1,100002,200002,31,2026-09-09T15:16:03.379926+00:00,2.2589564640000006,2000,3568,0.01453382393810898,2.275050822063349,0.7356466740602627,1.536670465953648,0.0027336820494383574,0.6376263514751539,0.20617900057742788,0.43068118440404934,26046.365459380264
2,100,10,S10_2_10,nearest,2,100002,200002,31,2026-09-09T15:16:05.669729+00:00,1.2021702340000004,2000,2096,0.014162266976200044,1.2093044290086254,0.42637531261425465,0.7814102526754141,0.001518863718956709,0.5769582199468632,0.203423336170923,0.372810235055064,26487.861872921865
2,100,10,S10_2_10,ppo_sampled,0,100003,200003,30,2026-09-09T15:16:06.918134+00:00,2.245324107000002,2000,3584,0.038631991017609835,2.2588662629714236,0.7322465080069378,1.5239038142608479,0.002715940703637898,0.6302640242665802,0.20430985156443576,0.42519637674688837,26770.539977248394
2,100,10,S10_2_10,nearest,1,100003,200003,30,2026-09-09T15:16:09.192004+00:00,1.2064624599999973,2000,2096,0.014520649099722505,1.2150866930605844,0.42466813686769456,0.7888916837982833,0.001526872394606471,0.5797169337121109,0.2026088439254268,0.37637962013276877,27518.626802891686
2,100,10,S10_2_10,random,2,100003,200003,30,2026-09-09T15:16:10.421845+00:00,2.0386290759999994,2000,3547,0.014222298981621861,2.0524405589094386,0.5371310942573473,1.5126804769970477,0.002628987655043602,0.5786412627317278,0.15143250472437195,0.42646757174994293,24333.745338868088
2,100,10,S10_2_10,nearest,0,100004,200004,18,2026-09-09T15:16:12.513966+00:00,1.2002276939999987,2000,2096,0.039137807907536626,1.2084168510045856,0.42476392863318324,0.7821211363188922,0.0015317860525101423,0.5765347571586763,0.20265454610361797,0.37314939709870815,26457.147185914582
2,100,10,S10_2_10,random,1,100004,200004,18,2026-09-09T15:16:13.737334+00:00,2.035332608999994,2000,3506,0.014417666010558605,2.0481432480737567,0.5368201175006106,1.508610712713562,0.002712417859584093,0.5841823297415164,0.1531146940960099,0.4302939853718089,23363.902910652356
2,100,10,S10_2_10,ppo_sampled,2,100004,200004,18,2026-09-09T15:16:15.800061+00:00,2.2298109559999943,2000,3524,0.01409223594237119,2.245321512920782,0.7258691568858922,1.516773397102952,0.0026789589319378138,0.6371513941318905,0.20597876188589448,0.43041242823579795,25276.047676231774
3,100,20,S20_5_4,nearest,0,100000,200000,5,2026-09-09T15:16:24.863152+00:00,1.2520936829999982,2000,2096,0.014351260964758694,1.2594196569407359,0.4251599992858246,0.8326666643843055,0.0015929932706058025,0.6008681569373739,0.20284351110964913,0.3972646299543442,29365.16437805208
3,100,20,S20_5_4,random,1,100000,200000,5,2026-09-09T15:16:26.137758+00:00,2.2408195390000003,2000,3661,0.014614484971389174,2.2549825160531327,0.5678905635140836,1.6841966663487256,0.0028952861903235316,0.6159471499735407,0.15511897391807802,0.4600373303328942,25852.05828662922
3,100,20,S20_5_4,ppo_sampled,2,100000,200000,5,2026-09-09T15:16:28.407500+00:00,2.5380473989999928,2000,3739,0.014277693000622094,2.5553750310791656,0.832656193873845,1.7198391656856984,0.0028796715196222067,0.6834380933616383,0.22269489004382056,0.45997303174263127,27363.89631887498
3,100,20,S20_5_4,random,0,100001,200001,17,2026-09-09T15:16:31.001914+00:00,2.260709472000002,2000,3659,0.03849131497554481,2.2764970149146393,0.5698575708083808,1.7038458089809865,0.002793635125271976,0.6221637100067339,0.15574134211762253,0.4656588709978099,25801.488527363937
3,100,20,S20_5_4,ppo_sampled,1,100001,200001,17,2026-09-09T15:16:33.293240+00:00,2.591473672999996,2000,3785,0.014344348921440542,2.60694799607154,0.836847220081836,1.7671617715386674,0.0029390044510364532,0.6887577268352814,0.22109569883271757,0.466885540697138,26843.17047271938
3,100,20,S20_5_4,nearest,2,100001,200001,17,2026-09-09T15:16:35.914980+00:00,1.2589928710000038,2000,2096,0.014273224980570376,1.2666344899917021,0.4273788381833583,0.8377174306660891,0.0015382211422547698,0.6043103482784838,0.20390211745389233,0.3996743466918364,30012.057324532725
3,100,20,S20_5_4,ppo_sampled,0,100002,200002,31,2026-09-09T15:16:37.221295+00:00,2.590296139000003,2000,3805,0.03916636202484369,2.6088961699279025,0.8394580107415095,1.7665066824993119,0.002931476687081158,0.6856494533319061,0.22061971372970027,0.46425931208917526,28065.538570457
3,100,20,S20_5_4,nearest,1,100002,200002,31,2026-09-09T15:16:39.845304+00:00,1.2897184029999949,2000,2096,0.01463749899994582,1.2977296620374545,0.4322282855864614,0.8639170376118273,0.0015843388391658664,0.6191458311247398,0.20621578510804459,0.41217415916594813,30096.08128152256
3,100,20,S20_5_4,random,2,100002,200002,31,2026-09-09T15:16:41.157891+00:00,2.2611801129999947,2000,3638,0.014375786995515227,2.274883197969757,0.5693406908540055,1.7027597236447036,0.0027827834710478783,0.625311489271511,0.15649826576525716,0.4680483022662737,25433.037821327925
3,100,20,S20_5_4,nearest,0,100003,200003,30,2026-09-09T15:16:43.472189+00:00,1.2608332690000026,2000,2096,0.038833888014778495,1.268597052898258,0.4255691636353731,0.8414839691249654,0.0015439201379194856,0.605246685543062,0.20303872310847954,0.40147135931534605,29973.3939392873
3,100,20,S20_5_4,random,1,100003,200003,30,2026-09-09T15:16:44.755791+00:00,2.2676287820000027,2000,3652,0.014495801995508373,2.2844430609839037,0.5750866329763085,1.706588008441031,0.002768419566564262,0.6255320539386374,0.15747169577664524,0.4673023024208738,25897.146660398645
3,100,20,S20_5_4,ppo_sampled,2,100003,200003,30,2026-09-09T15:16:47.055296+00:00,2.5151768350000054,2000,3761,0.014582615927793086,2.533064068062231,0.8179448012961075,1.712227632640861,0.002891634125262499,0.6735081276421778,0.21748067037918306,0.4552586101145602,28301.464130145072
3,100,20,S20_5_4,random,0,100004,200004,18,2026-09-09T15:16:49.628803+00:00,2.2536012089999957,2000,3627,0.03989937691949308,2.268112596939318,0.5681373280240223,1.6971315126866102,0.002843756228685379,0.6253412177941323,0.15664111608051345,0.46791604981709684,25285.20085715699
3,100,20,S20_5_4,ppo_sampled,1,100004,200004,18,2026-09-09T15:16:51.911904+00:00,2.5454241129999957,2000,3729,0.01442624197807163,2.562506488058716,0.829236562596634,1.7304353077197447,0.0028346177423372865,0.6871832899057967,0.22237505030749102,0.4640480846660619,27156.50198856266
3,100,20,S20_5_4,nearest,2,100004,200004,18,2026-09-09T15:16:54.489449+00:00,1.288476528000004,2000,2096,0.014459724072366953,1.299145848955959,0.43352260591927916,0.8640624845866114,0.0015607584500685334,0.6198214928224995,0.20683330435080113,0.4122435518065894,29294.334173574563
4,100,40,S40_10_2,random,0,100000,200000,5,2026-09-09T15:17:03.138326+00:00,2.3837668390000033,2000,3682,0.0149933360517025,2.4012344588991255,0.6067724407184869,1.7914708690950647,0.002991149085573852,0.6521549318031302,0.1647942533184375,0.48654830773901814,26364.484081558487
4,100,40,S40_10_2,ppo_sampled,1,100000,200000,5,2026-09-09T15:17:05.554892+00:00,2.81048885700001,2000,3736,0.01476669090334326,2.830151863046922,1.0046450211666524,1.8225925553124398,0.0029142865678295493,0.7575352952481054,0.2689092669075622,0.4878459730493683,27656.297343402945
4,100,40,S40_10_2,nearest,2,100000,200000,5,2026-09-09T15:17:08.400205+00:00,1.2848132390000018,2000,2096,0.014663878013379872,1.2945189389865845,0.43151010340079665,0.8614445045823231,0.0015643310034647584,0.6176139976081033,0.20587314093549458,0.4109945155450015,29497.571239555313
4,100,40,S40_10_2,ppo_sampled,0,100001,200001,17,2026-09-09T15:17:09.734545+00:00,2.8260953130000104,2000,3775,0.03931902896147221,2.8457787960069254,1.0064194223377854,1.8364197588525712,0.002939614816568792,0.7538486876839537,0.26660117148020807,0.48646881029207184,27394.4535022824
4,100,40,S40_10_2,nearest,1,100001,200001,17,2026-09-09T15:17:12.595360+00:00,1.3021169550000025,2000,2096,0.014482859056442976,1.311740264063701,0.4361186675960198,0.874062197864987,0.001559398602694273,0.6258302786563459,0.20807188339504762,0.41701440737833345,30448.55101851425
4,100,40,S40_10_2,random,2,100001,200001,17,2026-09-09T15:17:13.922156+00:00,2.3868252299999995,2000,3708,0.014549843966960907,2.403884539962746,0.6060935810673982,1.7948854162823409,0.0029055426130071282,0.6482968015002012,0.16345565832454104,0.4840575556316993,26516.399496783488
4,100,40,S40_10_2,nearest,0,100002,200002,31,2026-09-09T15:17:16.365758+00:00,1.2892056419999989,2000,2096,0.03924589091911912,1.2997111990116537,0.42791777895763516,0.8702365828212351,0.0015568372327834368,0.6200912209025066,0.20415924568589464,0.4151892093612763,30398.941878004283
4,100,40,S40_10_2,random,1,100002,200002,31,2026-09-09T15:17:17.680511+00:00,2.3773036549999915,2000,3684,0.01449844695162028,2.3927374200429767,0.6044462028658018,1.7853795351693407,0.0029116820078343153,0.6494944136924475,0.16407334496900156,0.4846307098722423,26384.037305186434
4,100,40,S40_10_2,ppo_sampled,2,100002,200002,31,2026-09-09T15:17:20.088311+00:00,2.801472005000022,2000,3740,0.014535628026351333,2.8219076270470396,1.002315443009138,1.816701882169582,0.0028903018683195114,0.7545207558949304,0.26799878155324547,0.4857491663555032,27934.91094932422
4,100,40,S40_10_2,random,0,100003,200003,30,2026-09-09T15:17:22.949317+00:00,2.373893506999991,2000,3683,0.038626368972472847,2.3916411430109292,0.6045824837638065,1.7841463348595425,0.0029123243875801563,0.6493731042657966,0.1641548964875934,0.4844274599129901,26903.312493295794
4,100,40,S40_10_2,ppo_sampled,1,100003,200003,30,2026-09-09T15:17:25.356212+00:00,2.7865669280000134,2000,3733,0.014677783939987421,2.805740959942341,1.0020022729877383,1.8008479955606163,0.0028906913939863443,0.7516048647046185,0.2684174318209853,0.48241307140654066,27692.466861446235
4,100,40,S40_10_2,nearest,2,100003,200003,30,2026-09-09T15:17:28.176932+00:00,1.2834170570000083,2000,2096,0.014485243009403348,1.291672619059682,0.4307021306594834,0.8594239302910864,0.001546558109112084,0.6162560205437414,0.20548765775738712,0.4100305010930756,29974.060342833935
4,100,40,S40_10_2,ppo_sampled,0,100004,200004,18,2026-09-09T15:17:29.507722+00:00,2.8191690419999986,2000,3746,0.03851047204807401,2.842767267022282,1.0027176523581147,1.837133736582473,0.0029158780816942453,0.7588807439995413,0.26767689598454747,0.4904254502355774,27348.74818492431
4,100,40,S40_10_2,nearest,1,100004,200004,18,2026-09-09T15:17:32.365767+00:00,1.3189272060000121,2000,2096,0.014726446010172367,1.3280968680046499,0.4416599018732086,0.8848893789108843,0.001547587220557034,0.6336340019106154,0.21071560203874456,0.4221800471903074,30688.864668749044
4,100,40,S40_10_2,random,2,100004,200004,18,2026-09-09T15:17:33.708865+00:00,2.396663251999996,2000,3689,0.01451126195024699,2.4125539530068636,0.6057253079488873,1.8039801185950637,0.0028485264629125595,0.6539858913003154,0.1641976980072885,0.48901602564246777,26307.184610285938
5,500,5,S05_1_100,ppo_sampled,0,100000,200000,5,2026-09-09T15:18:02.680382+00:00,9.780115821999999,10000,16962,0.06431831500958651,9.847118941950612,3.1201316146180034,6.713696772232652,0.013290555099956691,0.5805399682791305,0.18394833242648292,0.3958080870317564,139260.71471051595
5,500,5,S05_1_100,nearest,1,100000,200000,5,2026-09-09T15:18:12.591621+00:00,6.0622897909999836,10000,10096,0.06357731495518237,6.107133859070018,2.323078475892544,3.7766764409607276,0.007378942216746509,0.6049062855655724,0.23009889816685258,0.37407650960387556,131272.48635390348
5,500,5,S05_1_100,random,2,100000,200000,5,2026-09-09T15:18:18.762096+00:00,9.338773787000008,10000,16866,0.06281497201416641,9.402947420021519,2.7158976959763095,6.674205317511223,0.01284440653398633,0.5575090371173674,0.16102796727002902,0.39571951366721353,136264.71782977815
5,500,5,S05_1_100,nearest,0,100001,200001,17,2026-09-09T15:18:28.329903+00:00,6.0700900890000185,10000,10096,0.16430884902365506,6.1142598380101845,2.32514354318846,3.7817068836884573,0.007409411133266985,0.6056121075683621,0.2303034412825337,0.3745747705713607,129263.60442115592
5,500,5,S05_1_100,random,1,100001,200001,17,2026-09-09T15:18:34.508892+00:00,9.419021286000003,10000,17085,0.06412638095207512,9.48308066802565,2.727948999265209,6.741907614981756,0.01322405377868563,0.555053009542034,0.15966924198216031,0.39460975212067634,140999.019595006
5,500,5,S05_1_100,ppo_sampled,2,100001,200001,17,2026-09-09T15:18:44.056698+00:00,9.820969585,10000,17100,0.06420180306304246,9.888143665972166,3.1167327080620453,6.75832029839512,0.01309065951500088,0.5782540155539279,0.18226507064690323,0.39522340926287247,143100.93899168563
5,500,5,S05_1_100,random,0,100002,200002,31,2026-09-09T15:18:54.084142+00:00,9.43465425299999,10000,17179,0.1387196679133922,9.500574473990127,2.737752554821782,6.749628729885444,0.013193189282901585,0.5530341972169583,0.15936623521868454,0.3928999784554074,146362.62443726233
5,500,5,S05_1_100,ppo_sampled,1,100002,200002,31,2026-09-09T15:19:03.648892+00:00,9.825120545999994,10000,17164,0.06361730699427426,9.888174123945646,3.1070171662140638,6.7680188089143485,0.013138148817233741,0.5760996343478004,0.18101941075588812,0.3943147756300599,146994.50259471973
5,500,5,S05_1_100,nearest,2,100002,200002,31,2026-09-09T15:19:13.601152+00:00,6.0674817750000045,10000,10096,0.06347218493465334,6.112315541016869,2.3240967139136046,3.7807812857208773,0.0074375413823872805,0.6054195266458864,0.2301997537553095,0.374483090899453,128732.75561485901
5,500,5,S05_1_100,ppo_sampled,0,100003,200003,30,2026-09-09T15:19:19.867307+00:00,9.805583133999988,10000,17133,0.1532895879354328,9.87291776202619,3.107365060597658,6.75254423788283,0.013008463545702398,0.5762515474246303,0.18136724803581733,0.39412503577206737,146278.64700000783
5,500,5,S05_1_100,nearest,1,100003,200003,30,2026-09-09T15:19:29.804900+00:00,6.081765897000025,10000,10096,0.06412724405527115,6.121904653962702,2.343964513624087,3.7705486831255257,0.00739145721308887,0.6063693199249902,0.23216764199921622,0.37346956053145064,131155.49024078564
5,500,5,S05_1_100,random,2,100003,200003,30,2026-09-09T15:19:35.991501+00:00,9.45862761799998,10000,17121,0.06412390794139355,9.51913069805596,2.7464952368754894,6.759515048586763,0.013120412593707442,0.555991513232636,0.16041675351179777,0.39480842524307946,145595.85743037512
5,500,5,S05_1_100,nearest,0,100004,200004,18,2026-09-09T15:19:45.746244+00:00,6.0809428299999695,10000,10096,0.23499884398188442,6.121760393958539,2.333483362221159,3.7808459327789024,0.007431098958477378,0.6063550310973196,0.23112949308846661,0.3744894941342019,133967.38771458526
5,500,5,S05_1_100,random,1,100004,200004,18,2026-09-09T15:19:51.931951+00:00,9.486230196000008,10000,17128,0.06341092998627573,9.547631221008487,2.7542764372192323,6.7803404070436954,0.013014376745559275,0.557428259050005,0.16080549026268287,0.3958629382907342,142264.08407413136
5,500,5,S05_1_100,ppo_sampled,2,100004,200004,18,2026-09-09T15:20:01.544399+00:00,9.855118483000012,10000,17127,0.06423209002241492,9.920052099972963,3.130538444733247,6.776353509281762,0.013160145957954228,0.5792054708923317,0.18278381764075713,0.39565326731370126,143891.8787505202
6,500,10,S10_2_50,nearest,0,100000,200000,5,2026-09-09T15:20:39.827571+00:00,6.367410584999959,10000,10096,0.06443183403462172,6.410268874955364,2.453489608131349,3.949064936605282,0.007714330218732357,0.6349315446667357,0.24301600714454724,0.3911514398380826,146373.82292740355
6,500,10,S10_2_50,random,1,100000,200000,5,2026-09-09T15:20:46.301790+00:00,10.099066977000007,10000,17193,0.06336469203233719,10.164861764060333,2.8582019407767802,7.293105276185088,0.013554547098465264,0.5912209482964191,0.1662421881449881,0.42419038423690386,141668.18750748943
6,500,10,S10_2_50,ppo_sampled,2,100000,200000,5,2026-09-09T15:20:56.530807+00:00,10.716457122999998,10000,17254,0.06360018404666334,10.787563272984698,3.381087352754548,7.3929701403249055,0.013505779905244708,0.6252210080552161,0.19595962401498482,0.4284786217876959,142552.94756897463
6,500,10,S10_2_50,random,0,100001,200001,17,2026-09-09T15:21:07.407346+00:00,10.226370981999992,10000,17341,0.0884435469051823,10.2943762029754,2.878447284689173,7.402291758800857,0.01363715948536992,0.5936437462069892,0.16599084739571957,0.42686648744598676,143752.4250462371
6,500,10,S10_2_50,ppo_sampled,1,100001,200001,17,2026-09-09T15:21:17.766196+00:00,10.723563968000008,10000,17357,0.06386751495301723,10.793450527009554,3.354075810406357,7.425921214628033,0.013453501975163817,0.6218500044368009,0.19324052603597147,0.4278343731421348,145903.1370187114
6,500,10,S10_2_50,nearest,2,100001,200001,17,2026-09-09T15:21:28.623770+00:00,6.377346756999998,10000,10096,0.06361378903966397,6.419184423983097,2.4406449840171263,3.9710153569467366,0.00752408301923424,0.6358146220268519,0.24174375832182313,0.39332560984020765,150649.2895884716
6,500,10,S10_2_50,ppo_sampled,0,100002,200002,31,2026-09-09T15:21:35.132442+00:00,10.813305475999982,10000,17447,0.08896514098159969,10.882476339000277,3.4038892932003364,7.464936375734396,0.013650670065544546,0.6237448466212115,0.19509883035480807,0.42786360839883053,149406.85943215454
6,500,10,S10_2_50,nearest,1,100002,200002,31,2026-09-09T15:21:46.080030+00:00,6.3850787640000135,10000,10096,0.06457754503935575,6.428103643003851,2.4316709745908156,3.988875639392063,0.00755702902097255,0.6366980628965779,0.2408548905101838,0.39509465524881765,154785.1947742757
6,500,10,S10_2_50,random,2,100002,200002,31,2026-09-09T15:21:52.572914+00:00,10.178977664000001,10000,17421,0.0641810109373182,10.247020800947212,2.8760911020217463,7.357090679812245,0.013839019113220274,0.5881993456717302,0.16509334148566365,0.42231161700317116,148693.71589963543
6,500,10,S10_2_50,nearest,0,100003,200003,30,2026-09-09T15:22:02.908059+00:00,6.426413413999967,10000,10096,0.08755417400971055,6.467767023015767,2.4614802044816315,3.9986839410848916,0.007602877449244261,0.6406266861148739,0.24380746874818063,0.39606615898225944,152899.39908116916
6,500,10,S10_2_50,random,1,100003,200003,30,2026-09-09T15:22:09.441145+00:00,10.157191194999996,10000,17348,0.06477101694326848,10.226377829094417,2.863130518933758,7.349672658368945,0.013574651791714132,0.5894845416817165,0.1650409568211758,0.4236610939802251,147667.4643875038
6,500,10,S10_2_50,ppo_sampled,2,100003,200003,30,2026-09-09T15:22:19.731651+00:00,10.754074043000003,10000,17399,0.06356556597165763,10.824112460017204,3.3876707423478365,7.422954741050489,0.013486976618878543,0.6221111822528423,0.19470491076198843,0.42663111334274895,148590.13832014406
6,500,10,S10_2_50,random,0,100004,200004,18,2026-09-09T15:22:30.644268+00:00,10.165724165999961,10000,17307,0.08785554009955376,10.231594687094912,2.868581346469,7.349419990670867,0.013593349955044687,0.5911824514413192,0.16574688544918242,0.4246501410221799,144645.8987833273
6,500,10,S10_2_50,ppo_sampled,1,100004,200004,18,2026-09-09T15:22:40.940230+00:00,10.771183976999964,10000,17397,0.06376747495960444,10.842265895102173,3.3888933992711827,7.439881517319009,0.013490978511981666,0.623226182393641,0.1947975742525253,0.4276531308454911,146773.9910555736
6,500,10,S10_2_50,nearest,2,100004,200004,18,2026-09-09T15:22:51.845983+00:00,6.395734408999999,10000,10096,0.06297471688594669,6.43534541700501,2.4316270838025957,3.9960745035205036,0.0076438296819105744,0.6374153542992284,0.24085054316586724,0.39580769646597697,151617.160614859
7,500,20,S20_5_20,random,0,100000,200000,5,2026-09-09T15:23:30.669402+00:00,11.420261223000011,10000,18034,0.060705440933816135,11.494010046939366,2.9552496522665024,8.524910075240768,0.013850319432094693,0.6373522261805127,0.16387100212190875,0.4727132125563252,144925.5806902001
7,500,20,S20_5_20,ppo_sampled,1,100000,200000,5,2026-09-09T15:23:42.224610+00:00,12.534081055000001,10000,18220,0.06076016300357878,12.622444252949208,3.8241315585328266,8.78400143131148,0.014311263104900718,0.6927795967590125,0.2098864741236458,0.48210765265156313,147453.5462092274
7,500,20,S20_5_20,nearest,2,100000,200000,5,2026-09-09T15:23:54.912951+00:00,6.767235656000025,10000,10096,0.06539345404598862,6.812378351925872,2.5115750047843903,4.293177342158742,0.007626004982739687,0.6747601378690444,0.24876931505392139,0.42523547366865516,160947.65239976082
7,500,20,S20_5_20,ppo_sampled,0,100001,200001,17,2026-09-09T15:24:01.814628+00:00,12.646503453999912,10000,18294,0.08872510900255293,12.723100092029199,3.882531967945397,8.826432463247329,0.014135660836473107,0.6954793971809992,0.21222980036872183,0.4824769029871722,153212.37029398134
7,500,20,S20_5_20,nearest,1,100001,200001,17,2026-09-09T15:24:14.602358+00:00,6.758847058000015,10000,10096,0.06403179001063108,6.802498369012028,2.483966067666188,4.310991203645244,0.007541097700595856,0.6737815341731407,0.24603467389720562,0.42699992112175555,162256.80333935795
7,500,20,S20_5_20,random,2,100001,200001,17,2026-09-09T15:24:21.469229+00:00,11.668640730999982,10000,18295,0.0638223069254309,11.740099366055802,3.025578727014363,8.700401769136079,0.014118869905360043,0.6417108153077782,0.16537735594503214,0.4755617255608679,150527.4101715628
7,500,20,S20_5_20,nearest,0,100002,200002,31,2026-09-09T15:24:33.298445+00:00,6.744682632999911,10000,10096,0.08854866796173155,6.78597480407916,2.503769239410758,4.274703979026526,0.007501585641875863,0.6721448894690135,0.24799616079742057,0.4234057031523897,164120.97988463702
7,500,20,S20_5_20,random,1,100002,200002,31,2026-09-09T15:24:40.149300+00:00,11.519785309999975,10000,18117,0.06431322800926864,11.591007510083728,2.991683087660931,8.584763388265856,0.014561034156940877,0.6397862510395611,0.16513126277313744,0.4738512661183339,152111.3103509964
7,500,20,S20_5_20,ppo_sampled,2,100002,200002,31,2026-09-09T15:24:51.804314+00:00,12.588076741000009,10000,18262,0.06341341906227171,12.66628610889893,3.867752991965972,8.784541900386102,0.013991216546855867,0.6935870172433978,0.2117924100298966,0.48102846897306445,153436.59523904946
7,500,20,S20_5_20,random,0,100003,200003,30,2026-09-09T15:25:04.558755+00:00,11.61081629399996,10000,18168,0.08752970502246171,11.679862031014636,3.013860600651242,8.651699718204327,0.014301712159067392,0.6428810012667677,0.16588840822607012,0.4762054006056983,151046.1117948043
7,500,20,S20_5_20,ppo_sampled,1,100003,200003,30,2026-09-09T15:25:16.302601+00:00,12.62318940900002,10000,18321,0.06344102101866156,12.70530684303958,3.873032527626492,8.818170418497175,0.014103896915912628,0.6934832619965929,0.21139853324744784,0.48131490740118854,154220.54267016624
7,500,20,S20_5_20,nearest,2,100003,200003,30,2026-09-09T15:25:29.072333+00:00,6.783040311000036,10000,10096,0.06381916906684637,6.826313065015711,2.4961573616601527,4.322617746074684,0.007537957280874252,0.6761403590546465,0.24724221094098184,0.4281515200153213,162849.45634414582
7,500,20,S20_5_20,ppo_sampled,0,100004,200004,18,2026-09-09T15:25:35.986485+00:00,12.642412030999935,10000,18345,0.08723690593615174,12.720950386021286,3.866327287396416,8.84039227978792,0.014230818836949766,0.6934287482159327,0.21075646156426361,0.4818965538178207,152594.36471514695
7,500,20,S20_5_20,nearest,1,100004,200004,18,2026-09-09T15:25:48.771952+00:00,6.815563303999966,10000,10096,0.06392733298707753,6.85811517899856,2.5097968401387334,4.3407242000103,0.007594138849526644,0.679290330724897,0.24859318939567485,0.42994494849547343,164622.24327302267
7,500,20,S20_5_20,random,2,100004,200004,18,2026-09-09T15:25:55.694808+00:00,11.652400107000062,10000,18129,0.06422342592850327,11.724187123007141,3.0196840558201075,8.690484564518556,0.014018502668477595,0.6467089813562326,0.16656649874897167,0.4793692186286368,150468.35400177294
8,500,40,S40_10_10,ppo_sampled,0,100000,200000,5,2026-09-09T15:26:42.264983+00:00,14.27260297600003,10000,18540,0.06331260898150504,14.37417597300373,4.8533538113115355,9.505523192114197,0.015298969577997923,0.7753061474112044,0.261777443975811,0.5127035162952641,154819.6434032299
8,500,40,S40_10_10,nearest,1,100000,200000,5,2026-09-09T15:26:56.706550+00:00,7.0853414890000295,10000,10096,0.06372251699212939,7.139557040994987,2.566709969076328,4.565198023454286,0.007649048464372754,0.7071669018418173,0.25423038520962044,0.4521788850489586,165809.88379091982
8,500,40,S40_10_10,random,2,100000,200000,5,2026-09-09T15:27:03.911035+00:00,12.462261538000007,10000,18241,0.06439479789696634,12.551092374953441,3.203786105150357,9.332633763202466,0.014672506600618362,0.6880704114332241,0.1756365388493151,0.5116295029440527,148641.99816496248
8,500,40,S40_10_10,nearest,0,100001,200001,17,2026-09-09T15:27:16.550717+00:00,7.04899792599997,10000,10096,0.08796452905517071,7.102222419925965,2.5743106533773243,4.520100004621781,0.007811761926859617,0.7034689401669934,0.25498322636463194,0.4477119655924902,165327.17513838067
8,500,40,S40_10_10,random,1,100001,200001,17,2026-09-09T15:27:23.718433+00:00,12.750233091000041,10000,18634,0.06491321104113013,12.842366911005229,3.2575715052662417,9.569815992726944,0.014979413012042642,0.6891900242033503,0.17481869192155425,0.5135674569457414,154778.3627950016
8,500,40,S40_10_10,ppo_sampled,2,100001,200001,17,2026-09-09T15:27:36.625219+00:00,14.484939138999948,10000,18910,0.06384912400972098,14.585120341042057,4.88942455034703,9.680634624441154,0.015061166253872216,0.7712913982571157,0.25856290588826175,0.5119320266758939,159949.819491799
8,500,40,S40_10_10,random,0,100002,200002,31,2026-09-09T15:27:51.299311+00:00,12.69291491699994,10000,18553,0.08838108007330447,12.775107815978117,3.2375045369844884,9.52269607805647,0.01490720093715936,0.688573697837445,0.1745003253912838,0.5132698796990497,154502.8634949419
8,500,40,S40_10_10,ppo_sampled,1,100002,200002,31,2026-09-09T15:28:04.139514+00:00,14.336695243000008,10000,18710,0.0645006470149383,14.429185239016078,4.85898961185012,9.555337270488963,0.014858356676995754,0.7712017765374708,0.2597001395964789,0.5107074970865293,160216.45646767545
8,500,40,S40_10_10,nearest,2,100002,200002,31,2026-09-09T15:28:18.633505+00:00,7.029673029000037,10000,10096,0.06422249495517462,7.074163889046758,2.5556179193081334,4.510810673935339,0.007735295803286135,0.7006897671401305,0.25313172734826994,0.44679186548487904,164967.58079303426
8,500,40,S40_10_10,ppo_sampled,0,100003,200003,30,2026-09-09T15:28:25.797069+00:00,14.394441093999944,10000,18783,0.08881098707206547,14.489071300020441,4.865792331052944,9.60824187786784,0.015037091099657118,0.7713928179747879,0.2590529910585606,0.5115392577260204,160235.82298518583
8,500,40,S40_10_10,nearest,1,100003,200003,30,2026-09-09T15:28:40.351073+00:00,6.994389669999919,10000,10096,0.06427623704075813,7.04031929501798,2.534636336611584,4.497892633546144,0.00779032486025244,0.6973374896016225,0.25105351987040253,0.4455123448441109,165080.05991972765
8,500,40,S40_10_10,random,2,100003,200003,30,2026-09-09T15:28:47.455939+00:00,12.727221942000028,10000,18499,0.0639977240934968,12.806843713042326,3.237540034460835,9.554603629861958,0.014700048719532788,0.692299243907364,0.17501162411269988,0.516492979613058,153853.24842293185
8,500,40,S40_10_10,nearest,0,100004,200004,18,2026-09-09T15:29:00.351725+00:00,7.08406208100007,10000,10096,0.0883318189298734,7.132735174964182,2.5778851883951575,4.547097109956667,0.007752876612357795,0.706491201957625,0.25533728094246805,0.4503860053443608,167642.491706199
8,500,40,S40_10_10,random,1,100004,200004,18,2026-09-09T15:29:07.549879+00:00,12.607404480000014,10000,18482,0.06486197502817959,12.697249581920914,3.2307854320388287,9.451807262725197,0.014656887156888843,0.6870062537561364,0.17480713299636558,0.5114060849867545,153971.0798589687
8,500,40,S40_10_10,ppo_sampled,2,100004,200004,18,2026-09-09T15:29:20.311929+00:00,14.503185796000025,10000,18786,0.06416948605328798,14.604608730995096,4.888373443391174,9.701096577686258,0.015138709917664528,0.7774198195994408,0.26021364012515563,0.5164003288452176,158877.386335248
9,1000,5,S05_1_200,nearest,0,100000,200000,5,2026-09-09T15:30:33.243220+00:00,13.641604234000056,20000,20096,0.12883717694785446,13.736254657967947,5.355849758023396,8.364704007632099,0.015700892312452197,0.6835317803527043,0.26651322442393494,0.4162372615262788,284026.9294425696
9,1000,5,S05_1_200,random,1,100000,200000,5,2026-09-09T15:30:47.120537+00:00,20.786574157000018,20000,33274,0.14046422601677477,20.925022755982354,5.908792801084928,14.988957786932588,0.027272167964838445,0.6288700714065744,0.17757987621220558,0.4504705712247577,289991.69588699576
9,1000,5,S05_1_200,ppo_sampled,2,100000,200000,5,2026-09-09T15:31:08.171466+00:00,21.92622460000007,20000,33016,0.12532140198163688,22.068578236037865,7.359565264196135,14.682965014246292,0.026047957595437765,0.6684207122618689,0.22290905210189407,0.4447227106326112,293778.27103190584
9,1000,5,S05_1_200,random,0,100001,200001,17,2026-09-09T15:31:30.472033+00:00,20.949851954999986,20000,33519,0.23136525496374816,21.083028066088445,5.90491013857536,15.151734364684671,0.026383562828414142,0.628987382263446,0.17616605920747516,0.45203420044406667,297006.35322625283
9,1000,5,S05_1_200,ppo_sampled,1,100001,200001,17,2026-09-09T15:31:51.681292+00:00,22.193674828999974,20000,33434,0.1256506700301543,22.329478881903924,7.403279965859838,14.899217143305577,0.02698177273850888,0.667867406888315,0.2214296813381539,0.4456307095563073,301990.27141307964
9,1000,5,S05_1_200,nearest,2,100001,200001,17,2026-09-09T15:32:14.136484+00:00,13.584344910000027,20000,20096,0.12515001103747636,13.670358092989773,5.327708590310067,8.32749352348037,0.015155979199334979,0.6802526917291886,0.2651128876547605,0.4143856251731872,280086.0022313803
9,1000,5,S05_1_200,ppo_sampled,0,100002,200002,31,2026-09-09T15:32:28.030419+00:00,22.218915702000004,20000,33436,0.22301132697612047,22.356962998048402,7.4612859088229015,14.869529499788769,0.026147589436732233,0.6686494496365715,0.22315127134893234,0.4447161592232554,304110.8838611151
9,1000,5,S05_1_200,nearest,1,100002,200002,31,2026-09-09T15:32:50.515067+00:00,13.517391875000158,20000,20096,0.1270963529823348,13.602902352926321,5.3348694207379594,8.252977057592943,0.015055874595418572,0.67689601676584,0.2654692187867217,0.41067760039773804,273098.2283817405
9,1000,5,S05_1_200,random,2,100002,200002,31,2026-09-09T15:33:04.244520+00:00,20.951179074000038,20000,33599,0.1259739879751578,21.081411505001597,5.901785093243234,15.152786003309302,0.026840408449061215,0.6274416353165748,0.1756535936558598,0.4509891962055211,302358.6630645863
9,1000,5,S05_1_200,nearest,0,100003,200003,30,2026-09-09T15:33:25.546254+00:00,13.479192186000091,20000,20096,0.21973302692640573,13.561915411963128,5.268280963064171,8.278550044400617,0.0150844044983387,0.6748564595921143,0.26215570078941935,0.4119501415406358,276090.4637569655
9,1000,5,S05_1_200,random,1,100003,200003,30,2026-09-09T15:33:39.235346+00:00,20.904233122999813,20000,33489,0.12656163901556283,21.034911190974526,5.903996924171224,15.104676559683867,0.026237707119435072,0.6281140431477359,0.17629660259103658,0.4510339681592125,299978.7067837639
9,1000,5,S05_1_200,ppo_sampled,2,100003,200003,30,2026-09-09T15:34:00.396864+00:00,22.054490606000172,20000,33256,0.12603487202432007,22.18849690502975,7.403985111275688,14.758562273578718,0.025949520175345242,0.6672028176879286,0.2226360690183933,0.44378645277780604,302623.7573071546
9,1000,5,S05_1_200,random,0,100004,200004,18,2026-09-09T15:34:22.833969+00:00,20.968751396999778,20000,33485,0.24800415697973222,21.0984023809433,5.920450015226379,15.150759515818208,0.027192849898710847,0.6300851838418187,0.1768090194184375,0.45246407393812776,300065.3741130107
9,1000,5,S05_1_200,ppo_sampled,1,100004,200004,18,2026-09-09T15:34:44.059030+00:00,22.25627462400007,20000,33339,0.1260429279645905,22.39253703097347,7.48334832850378,14.882839405559935,0.02634929690975696,0.671661928401376,0.22446229126559825,0.44640929258705825,302622.70388863405
9,1000,5,S05_1_200,nearest,2,100004,200004,18,2026-09-09T15:35:06.577819+00:00,13.563766029999897,20000,20096,0.1256570239784196,13.64975535904523,5.324104821775109,8.310509316739626,0.015141220530495048,0.6792274760671392,0.2649335600007518,0.4135404715734289,283122.20324095554
10,1000,10,S10_2_100,random,0,100000,200000,5,2026-09-09T15:36:21.128423+00:00,21.816804747999868,20000,33736,0.12686263490468264,21.94087892898824,6.0855838533025235,15.827664664015174,0.027630411670543253,0.6503698994838819,0.1803884234438737,0.4691624574346447,298061.91827864223
10,1000,10,S10_2_100,ppo_sampled,1,100000,200000,5,2026-09-09T15:36:43.195276+00:00,23.394459478000044,20000,33798,0.12541211489588022,23.53040102799423,7.796224737656303,15.707320129615255,0.02685616072267294,0.6962069065623477,0.23067118579964208,0.46474111277635527,301739.723929519
10,1000,10,S10_2_100,nearest,2,100000,200000,5,2026-09-09T15:37:06.851381+00:00,14.203647607999983,20000,20096,0.12512826302554458,14.29107209504582,5.675620106630959,8.60002863779664,0.015423350618220866,0.711140132118124,0.2824253635863335,0.4279472849222054,311215.78945628647
10,1000,10,S10_2_100,ppo_sampled,0,100001,200001,17,2026-09-09T15:37:21.291814+00:00,23.78290905499989,20000,34071,0.14873804000671953,23.92321104207076,7.919299369095825,15.976753962924704,0.02715771005023271,0.7021575839297574,0.23243519031128598,0.46892530195546667,306159.9802644536
10,1000,10,S10_2_100,nearest,1,100001,200001,17,2026-09-09T15:37:45.340244+00:00,14.202165991999891,20000,20096,0.12464271206408739,14.28661100694444,5.637937316671014,8.633347022812814,0.015326667460612953,0.710918143259576,0.280550224754728,0.4296052459600325,316907.81912827265
10,1000,10,S10_2_100,random,2,100001,200001,17,2026-09-09T15:37:59.754150+00:00,22.145338478999975,20000,34132,0.12670164403971285,22.28217601403594,6.174583138083108,16.080681376508437,0.026911499444395304,0.6528236263341128,0.18090305689918867,0.4711321158006691,305282.8390289575
10,1000,10,S10_2_100,nearest,0,100002,200002,31,2026-09-09T15:38:22.186151+00:00,14.294955502999983,20000,20096,0.14927583804819733,14.399394753971137,5.688768952502869,8.69531624764204,0.015309553826227784,0.7165303918178313,0.2830796652320297,0.43268890563505374,317600.201129882
10,1000,10,S10_2_100,random,1,100002,200002,31,2026-09-09T15:38:36.712826+00:00,22.180436086999862,20000,34081,0.12668324902188033,22.341113541042432,6.195362144266255,16.11861690180376,0.02713449497241527,0.6555298712198125,0.18178346129122547,0.4729502333207289,308437.82556104905
10,1000,10,S10_2_100,ppo_sampled,2,100002,200002,31,2026-09-09T15:38:59.181545+00:00,23.959115552000185,20000,34068,0.12702648295089602,24.12509569094982,8.031508216517977,16.066760539775714,0.026826934656128287,0.7081453472745632,0.23574933123511735,0.4716085634547292,308505.2876785317
10,1000,10,S10_2_100,random,0,100003,200003,30,2026-09-09T15:39:23.458971+00:00,22.131665271999964,20000,34096,0.15171415195800364,22.272853496018797,6.186177617171779,16.058707072166726,0.02796880668029189,0.6532394854533904,0.18143411594239145,0.4709850736792212,306541.74955152354
10,1000,10,S10_2_100,ppo_sampled,1,100003,200003,30,2026-09-09T15:39:45.859264+00:00,23.654944161999993,20000,33905,0.12685715593397617,23.80349732399918,7.937760127242655,15.838963795336895,0.026773401419632137,0.7020645133165958,0.23411768551076995,0.4671571684216751,307759.2432303544
10,1000,10,S10_2_100,nearest,2,100003,200003,30,2026-09-09T15:40:09.790363+00:00,14.264690455999926,20000,20096,0.12700900109484792,14.352029610075988,5.681120902532712,8.655624445178546,0.015284262364730239,0.714173447953622,0.28269908949704975,0.4307137960379452,317754.64245281904
10,1000,10,S10_2_100,ppo_sampled,0,100004,200004,18,2026-09-09T15:40:24.294038+00:00,23.62020480199999,20000,33978,0.1510267830453813,23.77073270501569,7.909096421906725,15.83458540448919,0.027050878619775176,0.6995918743014801,0.23277109959110967,0.466024645490882,308178.7335243675
10,1000,10,S10_2_100,nearest,1,100004,200004,18,2026-09-09T15:40:48.190273+00:00,14.309662274000175,20000,20096,0.12494544999208301,14.407484755036421,5.674921023193747,8.717118127620779,0.015445604221895337,0.7169329595460002,0.2823905763930009,0.43377379217858175,317380.35932687647
10,1000,10,S10_2_100,random,2,100004,200004,18,2026-09-09T15:41:02.725179+00:00,22.05594150700017,20000,34023,0.1268287729471922,22.210118689923547,6.160474215168506,16.022573063964956,0.027071410790085793,0.6527971869007303,0.18106793096342197,0.47093357622681586,307675.0760978264
11,1000,20,S20_5_40,ppo_sampled,0,100000,200000,5,2026-09-09T15:42:36.241333+00:00,28.779575541999975,20000,36187,0.12810506799723953,28.97279373393394,9.14948662428651,19.79368637385778,0.02962073578964919,0.8006409410543549,0.25283904784277533,0.5469833468886004,303958.95695448294
11,1000,20,S20_5_40,nearest,1,100000,200000,5,2026-09-09T15:43:05.341180+00:00,15.297049927999979,20000,20096,0.12647213495802134,15.396721472032368,5.889268436119892,9.49177209183108,0.015680944081395864,0.7661585127404642,0.2930567494088322,0.4723214615759893,331692.3770211598
11,1000,20,S20_5_40,random,2,100000,200000,5,2026-09-09T15:43:20.865861+00:00,25.324438612999984,20000,35545,0.12738707102835178,25.48319018294569,6.483694903785363,18.969854280003347,0.029640999156981707,0.7169275617652466,0.18240807156520925,0.5336855895344872,302939.64782415004
11,1000,20,S20_5_40,nearest,0,100001,200001,17,2026-09-09T15:43:46.502371+00:00,14.947180115000037,20000,20096,0.15270484099164605,15.046908218995668,5.776136050350033,9.255281493649818,0.015490674995817244,0.7487514042095774,0.28742715218700404,0.460553418274772,336488.980383876
11,1000,20,S20_5_40,random,1,100001,200001,17,2026-09-09T15:44:01.678803+00:00,25.66242077400011,20000,36174,0.1289464560104534,25.819907982018776,6.538329353905283,19.252826668322086,0.02875195979140699,0.7137697789024928,0.1807466510174513,0.5322283039841347,313216.512485399
11,1000,20,S20_5_40,ppo_sampled,2,100001,200001,17,2026-09-09T15:44:27.626459+00:00,28.90432346700004,20000,36649,0.12717649503611028,29.084814748959616,9.175501824356616,19.88023276568856,0.02908015891443938,0.7936045935485174,0.2503615876110294,0.5424495283824541,315730.4060784374
11,1000,20,S20_5_40,random,0,100002,200002,31,2026-09-09T15:44:56.863861+00:00,25.71098462100008,20000,36016,0.15203222900163382,25.870883488096297,6.550938181811944,19.290384525083937,0.029560781200416386,0.7183164007134689,0.18188966519913216,0.5356059674890031,314023.4116142948
11,1000,20,S20_5_40,ppo_sampled,1,100002,200002,31,2026-09-09T15:45:22.862537+00:00,28.62798314099996,20000,36476,0.1271788199665025,28.804760521044955,9.088205589680001,19.687478943844326,0.029075987520627677,0.7896907698499,0.24915576241035203,0.5397378809037264,316328.9148516282
11,1000,20,S20_5_40,nearest,2,100002,200002,31,2026-09-09T15:45:51.794784+00:00,15.238076686999875,20000,20096,0.12691140791866928,15.337785100913607,5.852642672602087,9.469403094262816,0.015739334048703313,0.7632257713432328,0.291234209424865,0.47120835461100796,334998.88668589917
11,1000,20,S20_5_40,ppo_sampled,0,100003,200003,30,2026-09-09T15:46:07.282814+00:00,28.76404470800003,20000,36505,0.14963418105617166,28.943878635996953,9.150818550493568,19.763272336218506,0.029787749284878373,0.7928743634021902,0.25067301877807335,0.5413853536835641,314468.01067154366
11,1000,20,S20_5_40,nearest,1,100003,200003,30,2026-09-09T15:46:36.354258+00:00,15.176104621999912,20000,20096,0.1269712900975719,15.271190403960645,5.839817554806359,9.41561572405044,0.015757125103846192,0.7599119428722455,0.29059601685939285,0.46853183340219146,335361.1319591001
11,1000,20,S20_5_40,random,2,100003,200003,30,2026-09-09T15:46:51.751870+00:00,25.580602387,20000,35906,0.1258414920885116,25.737258455948904,6.516281277872622,19.192407470196486,0.028569707879796624,0.7167954786372446,0.1814816821108623,0.534518115919247,312324.1433633545
11,1000,20,S20_5_40,nearest,0,100004,200004,18,2026-09-09T15:47:17.640082+00:00,15.145451945000104,20000,20096,0.15033238101750612,15.240729165961966,5.818760197958909,9.406534633249976,0.015434334753081203,0.7583961567457188,0.28954817864047117,0.4680799479125187,338228.9175067575
11,1000,20,S20_5_40,random,1,100004,200004,18,2026-09-09T15:47:33.013802+00:00,25.749591882999994,20000,36276,0.1323709589196369,25.90734886203427,6.528626864310354,19.350045569241047,0.028676428482867777,0.7141732512414343,0.1799709688033508,0.5334117755331638,314519.36027457076
11,1000,20,S20_5_40,ppo_sampled,2,100004,200004,18,2026-09-09T15:47:59.047579+00:00,28.536986797000054,20000,36469,0.12585131998639554,28.70760103489738,9.10469066852238,19.573518452933058,0.029391913441941142,0.7871781796840435,0.2496556162363207,0.5367166210461778,316420.4306846027
12,1000,40,S40_10_20,nearest,0,100000,200000,5,2026-09-09T15:49:43.482827+00:00,15.399593777999598,20000,20096,0.12518721295055002,15.491415817989036,5.950002958765253,9.525809620623477,0.015603238600306213,0.7708706119620341,0.29607896888760216,0.47401520803261726,337788.7949699954
12,1000,40,S40_10_20,random,1,100000,200000,5,2026-09-09T15:49:59.101690+00:00,27.611679903000095,20000,36570,0.12687026103958488,27.77610479807481,6.889359217137098,20.85708356287796,0.02966201805975288,0.7595325348119992,0.18838827501058514,0.5703331573114017,307332.11003449553
12,1000,40,S40_10_20,ppo_sampled,2,100000,200000,5,2026-09-09T15:50:27.005455+00:00,31.20998574799978,20000,36473,0.12708147708326578,31.425611892947927,10.82433784333989,20.572202491224743,0.02907155838329345,0.8616130258807317,0.29677673466234994,0.5640392205528677,309118.87101009965
12,1000,40,S40_10_20,random,0,100001,200001,17,2026-09-09T15:50:58.597163+00:00,28.19925949799972,20000,37145,0.1654658569023013,28.39692469802685,7.030160441994667,21.33688757766504,0.02987667836714536,0.764488482919016,0.1892626313634316,0.5744215258491059,318246.83355525526
12,1000,40,S40_10_20,ppo_sampled,1,100001,200001,17,2026-09-09T15:51:27.121253+00:00,31.27316143200005,20000,36823,0.12665538699366152,31.479447355028242,10.852308967267163,20.597633787663653,0.029504600097425282,0.8548854616687462,0.2947155030080972,0.5593687040073773,320592.66252578126
12,1000,40,S40_10_20,nearest,2,100001,200001,17,2026-09-09T15:51:58.728519+00:00,15.73333327499995,20000,20096,0.12715615704655647,15.83146434999071,6.051939597004093,9.763746244832873,0.015778508153744042,0.7877918167789963,0.30115145287639794,0.48585520724685877,339820.6078942108
12,1000,40,S40_10_20,ppo_sampled,0,100002,200002,31,2026-09-09T15:52:14.711219+00:00,31.128157826999995,20000,36621,0.1507064721081406,31.321584122022614,10.803655722062103,20.488958909874782,0.028969490085728467,0.8552902466350623,0.29501258081598275,0.5594866035846859,320990.83520036115
12,1000,40,S40_10_20,nearest,1,100002,200002,31,2026-09-09T15:52:46.160654+00:00,15.340402973999971,20000,20096,0.1272295939270407,15.439595169969834,5.9691569653805345,9.45478846936021,0.015649735229089856,0.7682919571043907,0.29703209421678617,0.47048111412023336,337264.3816999067
12,1000,40,S40_10_20,random,2,100002,200002,31,2026-09-09T15:53:01.730697+00:00,27.9015123449999,20000,36724,0.12985462800133973,28.090860688011162,6.985534119885415,21.075736831640825,0.02958973648492247,0.7649183282869829,0.19021713647438773,0.5738954588726943,317343.71879504
12,1000,40,S40_10_20,nearest,0,100003,200003,30,2026-09-09T15:53:29.973321+00:00,15.695354793000206,20000,20096,0.15113665896933526,15.803898551966995,6.054012639098801,9.734145481372252,0.015740431495942175,0.7864201110652366,0.30125460982776675,0.4843822393198772,338451.48458921176
12,1000,40,S40_10_20,random,1,100003,200003,30,2026-09-09T15:53:45.905743+00:00,27.910091848999855,20000,36656,0.1279674080433324,28.108242533984594,6.989262796356343,21.08939437835943,0.029585359268821776,0.7668115051829058,0.19067172622098272,0.5753326707321974,314728.42886226025
12,1000,40,S40_10_20,ppo_sampled,2,100003,200003,30,2026-09-09T15:54:14.142482+00:00,31.170752125000035,20000,36339,0.1278983389493078,31.38194998400286,10.808319590403698,20.54474084021058,0.02888955338858068,0.8635887059083315,0.297430297762836,0.5653634068139074,317388.0619418333
12,1000,40,S40_10_20,random,0,100004,200004,18,2026-09-09T15:54:45.677965+00:00,27.73667070199963,20000,36752,0.15286612301133573,27.92393892002292,6.963958740583621,20.930300008272752,0.029680171166546643,0.7597937233354082,0.18948516381648947,0.5695009797636251,318018.0161206727
12,1000,40,S40_10_20,ppo_sampled,1,100004,200004,18,2026-09-09T15:55:13.729573+00:00,31.406799646999843,20000,36761,0.12713655002880841,31.614360994892195,10.832155417301692,20.752913432195783,0.029292145394720137,0.8599973067895921,0.29466432951502114,0.5645361505997057,319897.25614205265
12,1000,40,S40_10_20,nearest,2,100004,200004,18,2026-09-09T15:55:45.471699+00:00,15.553894684999705,20000,20096,0.1271336949430406,15.650164130958728,5.951919873827137,9.682671178132296,0.01557307899929583,0.7787701100198412,0.29617435677881854,0.48182081897553225,340528.56831084815
13,2000,5,S05_1_400,random,0,100000,200000,5,2026-09-09T15:58:19.923073+00:00,48.66922088299998,40000,64694,0.25502539006993175,48.975435786065646,13.201838577981107,35.72099251532927,0.052604692755267024,0.7570321171370706,0.20406588830465122,0.5521530978967025,599220.649182084
13,2000,5,S05_1_400,ppo_sampled,1,100000,200000,5,2026-09-09T15:59:09.152722+00:00,55.368161701999725,40000,64548,0.2535999460378662,55.71162221801933,19.878573068766855,35.780381336808205,0.05266781244426966,0.8631037711163682,0.30796574748662786,0.5543220756151733,601426.130654655
13,2000,5,S05_1_400,nearest,2,100000,200000,5,2026-09-09T16:00:05.118190+00:00,31.73033458200007,40000,40096,0.25318967597559094,31.913998096017167,13.019291808246635,18.862809654907323,0.03189663286320865,0.7959396971273236,0.3247030079869971,0.47044118253460004,596469.9716588556
13,2000,5,S05_1_400,ppo_sampled,0,100001,200001,17,2026-09-09T16:00:37.377939+00:00,55.939643326999885,40000,65153,0.34513422893360257,56.27018237207085,20.03266742208507,36.18506667588372,0.05244827410206199,0.8636621855029062,0.3074711436477993,0.5553860401805553,611944.7836591654
13,2000,5,S05_1_400,nearest,1,100001,200001,17,2026-09-09T16:01:33.900158+00:00,31.51403571899982,40000,40095,0.25143589405342937,31.702800418948755,12.9058110951446,18.76528544339817,0.03170388040598482,0.7906921166965645,0.32188081045378725,0.4680205871903771,585444.911271176
13,2000,5,S05_1_400,random,2,100001,200001,17,2026-09-09T16:02:05.854946+00:00,49.04335769299996,40000,65198,0.2513772629899904,49.349191055982374,13.237298814114183,36.058780150604434,0.053112091263756156,0.7569126515534583,0.20303228341535298,0.5530657405227835,609578.128528538
13,2000,5,S05_1_400,nearest,0,100002,200002,31,2026-09-09T16:02:55.559145+00:00,31.901794609000262,40000,40096,0.35420273803174496,32.133882767986506,13.055994014721364,19.045736510888673,0.032152242376469076,0.8014236524338215,0.32561836628894064,0.475003404601174,577687.7548222198
13,2000,5,S05_1_400,random,1,100002,200002,31,2026-09-09T16:03:27.948990+00:00,49.2009249140001,40000,65331,0.25534041703213006,49.52008752897382,13.306670371559449,36.16019159753341,0.05322555988095701,0.7579875943881743,0.20368080040959802,0.5534920879449788,618403.0115930095
13,2000,5,S05_1_400,ppo_sampled,2,100002,200002,31,2026-09-09T16:04:17.723650+00:00,55.895847928999956,40000,65218,0.253939026966691,56.246074306895025,20.022258742596023,36.171013392158784,0.05280217214021832,0.8624317566759947,0.3070051020055203,0.5546170289208314,621183.5324889232
13,2000,5,S05_1_400,random,0,100003,200003,30,2026-09-09T16:05:14.316391+00:00,48.70104767599969,40000,64961,0.34581246704328805,49.03809145302512,13.204843153245747,35.77882307639811,0.05442522338125855,0.7548851072647452,0.20327339716515674,0.5507738962823557,620377.3119982854
13,2000,5,S05_1_400,ppo_sampled,1,100003,200003,30,2026-09-09T16:06:03.609307+00:00,56.41569715900005,40000,65359,0.2541812889976427,56.8009433450643,20.221578690223396,36.52608254668303,0.053282108157873154,0.8690607773231582,0.3093924125250294,0.5588531425921912,622412.2987400289
13,2000,5,S05_1_400,nearest,2,100003,200003,30,2026-09-09T16:07:00.660817+00:00,31.819254697999895,40000,40096,0.24994071596302092,32.03753902902827,12.962296539684758,19.043475104146637,0.031767385196872056,0.7990208257439213,0.32328153780139557,0.47494700479216473,588600.851310764
13,2000,5,S05_1_400,ppo_sampled,0,100004,200004,18,2026-09-09T16:07:33.068365+00:00,55.7978324249998,40000,64841,0.36934588104486465,56.14581739902496,20.052017223788425,36.041354574263096,0.0524456009734422,0.865899930584429,0.30924904341062637,0.555842053241978,618898.0258620719
13,2000,5,S05_1_400,nearest,1,100004,200004,18,2026-09-09T16:08:29.465813+00:00,31.825871534999806,40000,40096,0.2510119859362021,32.025460835080594,13.049595035030507,18.94435959821567,0.03150620183441788,0.7987195938517706,0.3254587748162038,0.47247504983578587,588432.8396743041
13,2000,5,S05_1_400,random,2,100004,200004,18,2026-09-09T16:09:01.745345+00:00,48.848702024999966,40000,64935,0.2534518779721111,49.15075272100512,13.201621103682555,35.89632002601866,0.052811591303907335,0.7569223488258277,0.20330516830187964,0.5528038812045685,617406.6859790736
14,2000,10,S10_2_200,ppo_sampled,0,100000,200000,5,2026-09-09T16:12:15.896438+00:00,58.044313676,40000,65890,0.24959826096892357,58.3829926130129,21.044493572670035,37.285071749356575,0.053427290986292064,0.8860675764609638,0.3193882770173021,0.5658684436083863,616917.1662015537
14,2000,10,S10_2_200,nearest,1,100000,200000,5,2026-09-09T16:13:14.528862+00:00,33.23772425399966,40000,40096,0.24880637298338115,33.437145669944584,14.022379376576282,19.38272121862974,0.03204507473856211,0.8339272164291845,0.34972015603991125,0.48340785162185107,639885.7477836466
14,2000,10,S10_2_200,random,2,100000,200000,5,2026-09-09T16:13:48.218002+00:00,50.73936875799973,40000,65839,0.2513490120181814,51.06517814809922,13.676346921012737,37.33511469035875,0.05371653672773391,0.7756068310287098,0.20772409849804427,0.5670668553647344,615717.9121928788
14,2000,10,S10_2_200,nearest,0,100001,200001,17,2026-09-09T16:14:39.571802+00:00,33.665828065999904,40000,40095,0.28801042900886387,33.90266313403845,14.141857646405697,19.728907780488953,0.03189770714379847,0.8455583772050991,0.3527087578602244,0.4920540661052239,644160.1193686321
14,2000,10,S10_2_200,random,1,100001,200001,17,2026-09-09T16:15:13.726949+00:00,51.42789402000017,40000,66614,0.25185602298006415,51.75685430993326,13.808464624686167,37.89355837425683,0.0548313109902665,0.7769666182774381,0.20729072904623902,0.5688527693016007,625785.2309528439
14,2000,10,S10_2_200,ppo_sampled,2,100001,200001,17,2026-09-09T16:16:05.736128+00:00,58.81346828200003,40000,66606,0.25172254093922675,59.185670752078295,21.28949206066318,37.84206261741929,0.05411607399582863,0.888593681531368,0.3196332471648677,0.5681479538993377,627209.5087004448
14,2000,10,S10_2_200,random,0,100002,200002,31,2026-09-09T16:17:05.199937+00:00,51.56516019999981,40000,66647,0.2775151610840112,51.92251862201374,13.85842831118498,38.00912569859065,0.05496461223810911,0.7790676042734668,0.20793776630883581,0.5703051254908795,633953.4941263786
14,2000,10,S10_2_200,ppo_sampled,1,100002,200002,31,2026-09-09T16:17:57.374228+00:00,58.92888936600002,40000,66866,0.2511275130091235,59.324053765973076,21.24597079853993,38.0236360556446,0.05444691178854555,0.8872080544069194,0.3177395208108744,0.5686542645835642,635142.8359203005
14,2000,10,S10_2_200,nearest,2,100002,200002,31,2026-09-09T16:18:56.951055+00:00,33.803436543000316,40000,40096,0.252122989972122,34.0445397850126,14.216010357369669,19.79638795752544,0.032141470117494464,0.8490757129143207,0.35454934051700093,0.49372475951529926,655369.4139794521
14,2000,10,S10_2_200,ppo_sampled,0,100003,200003,30,2026-09-09T16:19:31.985426+00:00,58.68049697300012,40000,66555,0.9887308810139075,60.66473937698174,22.891186153050512,37.71942629455589,0.054126929375343025,0.911497849552727,0.3439438983254528,0.5667406850658235,635168.6036454896
14,2000,10,S10_2_200,nearest,1,100003,200003,30,2026-09-09T16:20:32.902827+00:00,33.57916697099972,40000,40096,0.2517574940575287,33.793324823025614,14.10803013772238,19.653195676859468,0.03209900844376534,0.8428103756740227,0.35185629832707455,0.49015352346517027,653321.1552113071
14,2000,10,S10_2_200,random,2,100003,200003,30,2026-09-09T16:21:06.948120+00:00,51.16518542100039,40000,66489,0.2513260339619592,51.483378479024395,13.708629188477062,37.72066015179735,0.05408913874998689,0.7743142245939088,0.2061789046079361,0.5673218149137053,634915.6739005881
14,2000,10,S10_2_200,nearest,0,100004,200004,18,2026-09-09T16:21:58.801107+00:00,33.587458556,40000,40096,0.36898986890446395,33.806131573044695,14.04866668372415,19.725295540411025,0.03216934890951961,0.8431297778592551,0.35037576525648817,0.4919517044196684,656828.4514966484
14,2000,10,S10_2_200,random,1,100004,200004,18,2026-09-09T16:22:32.857948+00:00,51.19941073300015,40000,66415,0.25007423700299114,51.509247021982446,13.736452116863802,37.71821778186131,0.05457712325733155,0.7755664687492652,0.20682755577601147,0.56791715398421,631389.3664183439
14,2000,10,S10_2_200,ppo_sampled,2,100004,200004,18,2026-09-09T16:23:24.621719+00:00,58.28337482300003,40000,66422,0.25392773491330445,58.63696628797334,21.05202064430341,37.531190132838674,0.05375551083125174,0.8827943495825681,0.31694349228122326,0.5650415544975862,634895.2720618442
15,2000,20,S20_5_80,nearest,0,100000,200000,5,2026-09-09T16:27:11.519970+00:00,35.76993383399986,40000,40096,0.25330592005047947,36.02040037000552,14.80562644766178,21.182448004488833,0.03232591785490513,0.8983539597467458,0.36925445051031974,0.5282932962013376,677982.0095712414
15,2000,20,S20_5_80,random,1,100000,200000,5,2026-09-09T16:27:47.791554+00:00,59.741419003000374,40000,70280,0.25052578502800316,60.171458004042506,14.71257357869763,45.39745512395166,0.06142930139321834,0.8561675868531945,0.2093422535386686,0.6459512681268021,622342.7788558338
15,2000,20,S20_5_80,ppo_sampled,2,100000,200000,5,2026-09-09T16:28:48.248286+00:00,70.3733943719999,40000,70703,0.28470205201301724,70.86256063298788,24.20323662518058,46.59877215907909,0.060551848728209734,1.0022567731636265,0.34232262598730717,0.6590777217243835,621642.5113140555
15,2000,20,S20_5_80,random,0,100001,200001,17,2026-09-09T16:29:59.441035+00:00,61.093522713999846,40000,71425,0.32958412799052894,61.51903774391394,15.00861469830852,46.44907902448904,0.061344021116383374,0.8613095938944899,0.21013111233193588,0.6503196223239627,640039.8726027012
15,2000,20,S20_5_80,ppo_sampled,1,100001,200001,17,2026-09-09T16:31:01.217463+00:00,69.9377638169999,40000,71724,0.25679243193008006,70.40963698201813,23.97154110262636,46.377998130978085,0.060097748413681984,0.9816747111429664,0.33421924464093417,0.6466175635906821,637579.9273091876
15,2000,20,S20_5_80,nearest,2,100001,200001,17,2026-09-09T16:32:11.883914+00:00,34.93563278900001,40000,40095,0.2561989879468456,35.17199070507195,14.535316094988957,20.603786053252406,0.032888556830585,0.8772163787273213,0.3625219128317485,0.5138742001060582,684238.8875092166
15,2000,20,S20_5_80,ppo_sampled,0,100002,200002,31,2026-09-09T16:32:47.399015+00:00,69.82414195799993,40000,71485,0.34250243997666985,70.27916335000191,23.952185235451907,46.266301544965245,0.06067656958475709,0.9831316129258153,0.33506589124224534,0.6472169202625061,642850.838876333
15,2000,20,S20_5_80,nearest,1,100002,200002,31,2026-09-09T16:33:57.931155+00:00,36.00270900899977,40000,40096,0.25235507800243795,36.247464186977595,14.816594356903806,21.39789637620561,0.03297345386818051,0.9040169639609337,0.36952799174241335,0.5336666095422389,682151.74091636
15,2000,20,S20_5_80,random,2,100002,200002,31,2026-09-09T16:34:34.432958+00:00,60.17289542800063,40000,71139,0.2537116230232641,60.57091396802571,14.774598283460364,45.73608661768958,0.06022906687576324,0.851444551765216,0.20768633637611386,0.6429115761774776,645998.7704434996
15,2000,20,S20_5_80,nearest,0,100003,200003,30,2026-09-09T16:35:35.293948+00:00,36.08419003200015,40000,40096,0.2894277119776234,36.32259004609659,14.842611812171526,21.44709063449409,0.0328875994309783,0.9058906136795838,0.37017687081433376,0.5348935214109659,684250.4189266674
15,2000,20,S20_5_80,random,1,100003,200003,30,2026-09-09T16:36:11.869241+00:00,60.24872253000012,40000,70976,0.25212314794771373,60.62937104899902,14.779360684216954,45.788107840926386,0.06190252385567874,0.8542235551312982,0.20823039737681687,0.6451209964061991,644157.8567947065
15,2000,20,S20_5_80,ppo_sampled,2,100003,200003,30,2026-09-09T16:37:12.753451+00:00,69.241644189,40000,71208,0.25425122992601246,69.68299298698548,23.774999524932355,45.84796852583531,0.060024936217814684,0.978583768494909,0.3338810179324283,0.6438597984192129,642330.135712452
15,2000,20,S20_5_80,random,0,100004,200004,18,2026-09-09T16:38:22.715300+00:00,60.24417159699988,40000,71279,0.27821038104593754,60.66102320502978,14.791594995185733,45.80856240040157,0.06086580944247544,0.851036395081718,0.20751687025892243,0.6426656154042786,643951.5634624257
15,2000,20,S20_5_80,ppo_sampled,1,100004,200004,18,2026-09-09T16:39:23.635235+00:00,70.1218453219999,40000,71258,0.25830237998161465,70.60027749591973,24.055593200493604,46.48352664115373,0.06115765427239239,0.9907698433287452,0.3375844564890062,0.6523271301629814,642828.2629301259
15,2000,20,S20_5_80,nearest,2,100004,200004,18,2026-09-09T16:40:34.491522+00:00,35.920317264000005,40000,40096,0.2553930029971525,36.15153990511317,14.769731019856408,21.348939893534407,0.0328689917223528,0.9016245985912102,0.3683592133842879,0.5324456278315645,687886.6709579737
16,2000,40,S40_10_40,random,0,100000,200000,5,2026-09-09T16:44:16.026842+00:00,65.08987409800011,40000,72666,0.2557051199255511,65.5122865800513,15.669025168637745,49.781799002201296,0.06146240921225399,0.9015534992988646,0.2156307649882716,0.6850769135799589,624972.2561917583
16,2000,40,S40_10_40,ppo_sampled,1,100000,200000,5,2026-09-09T16:45:21.796810+00:00,77.89144605300044,40000,73633,0.2571074600564316,78.40091609000228,27.400917980936356,50.93765339453239,0.062344714533537626,1.064752435592768,0.37212823028990205,0.691777510009539,629258.3040950211
16,2000,40,S40_10_40,nearest,2,100000,200000,5,2026-09-09T16:46:40.454967+00:00,37.68375482600004,40000,40096,0.25664488307666034,37.92886886198539,15.696289991145022,22.200026520644315,0.03255235019605607,0.9459514380981991,0.3914677272332657,0.5536718505747286,687412.9629941809
16,2000,40,S40_10_40,ppo_sampled,0,100001,200001,17,2026-09-09T16:47:18.668374+00:00,77.92380917099945,40000,74187,0.2839241320034489,78.39914930099621,27.384418764035217,50.95284316991456,0.06188736704643816,1.0567774583282274,0.36912691932596303,0.6868163312967845,649033.1844421937
16,2000,40,S40_10_40,nearest,1,100001,200001,17,2026-09-09T16:48:37.322637+00:00,37.30112245100008,40000,40095,0.25450516992714256,37.52765298099257,15.67850346583873,21.816461910842918,0.032687604310922325,0.9359683995758217,0.3910338811781701,0.5441192645178431,689460.3200545601
16,2000,40,S40_10_40,random,2,100001,200001,17,2026-09-09T16:49:15.105257+00:00,65.14904768900033,40000,73557,0.2543691750615835,65.54334973997902,15.596588990651071,49.884885834297165,0.061874915030784905,0.8910552325404655,0.21203405509538278,0.6781799942126129,643346.3632100234
16,2000,40,S40_10_40,nearest,0,100002,200002,31,2026-09-09T16:50:20.929958+00:00,36.391035819000535,40000,40096,0.2807211739709601,36.6294933030149,15.26138794736471,21.335445148521103,0.032660207129083574,0.9135448249953835,0.38062120778543274,0.532109066952342,682762.449449883
16,2000,40,S40_10_40,random,1,100002,200002,31,2026-09-09T16:50:57.815463+00:00,65.47369274099947,40000,73393,0.2553954990580678,65.92498126404826,15.782196644344367,50.080386280082166,0.0623983396217227,0.8982461714884016,0.21503681065420907,0.6823591661341295,648269.1796158968
16,2000,40,S40_10_40,ppo_sampled,2,100002,200002,31,2026-09-09T16:52:03.994809+00:00,77.71675274400059,40000,74001,0.25376140396110713,78.21720428299159,27.30678846198134,50.848625606507994,0.06179021450225264,1.0569749636219996,0.36900566832855425,0.6871343036784368,653400.1525930746
16,2000,40,S40_10_40,random,0,100003,200003,30,2026-09-09T16:53:22.492691+00:00,64.85388549900017,40000,72635,0.2800597430905327,65.29539038601797,15.714536793879233,49.51957077591214,0.06128281622659415,0.8989521633650165,0.21634937418433584,0.681759080001544,646917.6420297486
16,2000,40,S40_10_40,ppo_sampled,1,100003,200003,30,2026-09-09T16:54:28.045641+00:00,77.59862066200003,40000,73641,0.25693988509010524,78.1171519990312,27.355314786545932,50.699958184035495,0.06187902844976634,1.0607834222651946,0.37146854044005284,0.6884746022465135,649649.9446065768
16,2000,40,S40_10_40,nearest,2,100003,200003,30,2026-09-09T16:55:46.434248+00:00,37.921894139999495,40000,40096,0.2708385660080239,38.17718520888593,15.999304761644453,22.145180794177577,0.03269965306390077,0.9521444834618399,0.3990249591391773,0.5523039902777728,685324.7955947042
16,2000,40,S40_10_40,ppo_sampled,0,100004,200004,18,2026-09-09T16:56:24.890940+00:00,77.63155457599987,40000,73929,0.2788759919349104,78.1274451270001,27.312653717584908,50.75320690497756,0.06158450443763286,1.0567902328856078,0.369444382009562,0.6865128285919945,649911.3242463255
16,2000,40,S40_10_40,nearest,1,100004,200004,18,2026-09-09T16:57:43.273043+00:00,36.88713727300001,40000,40096,0.2540614759782329,37.126928808982484,15.264914365136065,21.829462174908258,0.03255226893816143,0.9259509379734259,0.38070915715123865,0.5444299225585659,690539.3063490589
16,2000,40,S40_10_40,random,2,100004,200004,18,2026-09-09T16:58:20.658935+00:00,64.30987792399992,40000,72534,0.258358065970242,64.72339856997132,15.532551540643908,49.1300349944504,0.06081203487701714,0.8923180655964282,0.2141416651590138,0.6773380069271018,646973.2986285521
