task,fleet_size,locations,policy,episodes,wall_seconds_median,wall_seconds_q1,wall_seconds_q3,agent_seconds_median,agent_seconds_q1,agent_seconds_q3,environment_seconds_median,environment_seconds_q1,environment_seconds_q3,overhead_seconds_median,overhead_seconds_q1,overhead_seconds_q3,steps_median,steps_q1,steps_q3,ms_per_decision_epoch_median,ms_per_decision_epoch_q1,ms_per_decision_epoch_q3,agent_ms_per_epoch_median,agent_ms_per_epoch_q1,agent_ms_per_epoch_q3,environment_ms_per_epoch_median,environment_ms_per_epoch_q1,environment_ms_per_epoch_q3
1,100,5,nearest,5,1.139069322030991,1.1264564819866791,1.139731243951246,0.4063926740782335,0.405092517263256,0.4074161594035104,0.7268662470160052,0.7197888005757704,0.7317286988254637,0.0015751641476526,0.0015667590778321,0.0015898928977549,2096.0,2096.0,2096.0,0.5434491040224195,0.5374315276654004,0.5437649064652892,0.1938896345793098,0.1932693307553702,0.1943779386467129,0.3467873315916055,0.3434106872976004,0.3491072036381029
1,100,5,ppo_sampled,5,1.9661623870488256,1.9529550309525805,1.985975245013833,0.6685214159078896,0.6631469081621617,0.6806962862610817,1.2948466556845233,1.287105494295247,1.3025400070473552,0.0027273263549432,0.0027026284951716,0.0027389517053961,3556.0,3519.0,3564.0,0.5549744333482751,0.5538839846319227,0.5561398053805189,0.1884475442347717,0.1883786108048933,0.190617834293218,0.3647549725699678,0.3647482733263687,0.3657588787426106
1,100,5,random,5,1.8300212550675496,1.828681400977075,1.8364032569807025,0.5175734682707116,0.5138193544698879,0.51954826049041,1.312100155511871,1.309712880058214,1.31363494717516,0.0027470218483358,0.0027349067386239,0.0027549108490347,3524.0,3516.0,3524.0,0.5194917275758705,0.5193356626503454,0.5204838609407137,0.1471105533226523,0.146696440113175,0.1472051957538997,0.3723326207468419,0.3718496235549304,0.3725008191291848
2,100,10,nearest,5,1.2093044290086254,1.2084168510045856,1.2150866930605844,0.4246681368676945,0.4239930413896218,0.4247639286331832,0.7821211363188922,0.7814102526754141,0.7888916837982833,0.0015268723946064,0.0015200726920738,0.0015317860525101,2096.0,2096.0,2096.0,0.5769582199468632,0.5765347571586763,0.5797169337121109,0.2026088439254268,0.2022867563881783,0.2026545461036179,0.3731493970987081,0.372810235055064,0.3763796201327687
2,100,10,ppo_sampled,5,2.263670644024387,2.258866262971424,2.275050822063349,0.7335824181791395,0.7322465080069378,0.7351847649551928,1.52730375144165,1.523903814260848,1.536670465953648,0.0027159407036378,0.0027110835071653,0.0027336820494383,3568.0,3567.0,3584.0,0.6371513941318905,0.6314283525869978,0.6376263514751539,0.2059787618858944,0.2046255001894392,0.206107307248442,0.4304124282357979,0.426026151029749,0.4306811844040493
2,100,10,random,5,2.053800550987944,2.0524405589094386,2.0663983339909464,0.539650866878219,0.5371310942573473,0.540445321588777,1.5126804769970477,1.5113798738457265,1.5227914449060336,0.0027153735281899,0.002712417859584,0.0027698102639988,3547.0,3532.0,3549.0,0.5814837347077985,0.5811632034760109,0.5822480512795003,0.1527890336574799,0.152281014817914,0.1529746883243757,0.4279104965588126,0.4273902455531949,0.4292019269861875
3,100,20,nearest,5,1.268597052898258,1.266634489991702,1.2977296620374543,0.4273788381833583,0.4255691636353731,0.4322282855864614,0.8414839691249654,0.8377174306660891,0.8639170376118273,0.0015607584500685,0.0015439201379194,0.0015843388391658,2096.0,2096.0,2096.0,0.605246685543062,0.6043103482784838,0.6191458311247398,0.2039021174538923,0.2030387231084795,0.2062157851080445,0.401471359315346,0.3996743466918364,0.4121741591659481
3,100,20,ppo_sampled,5,2.562506488058716,2.5553750310791656,2.60694799607154,0.832656193873845,0.829236562596634,0.836847220081836,1.7304353077197447,1.7198391656856984,1.766506682499312,0.0028916341252624,0.0028796715196222,0.0029314766870811,3761.0,3739.0,3785.0,0.6856494533319061,0.6834380933616383,0.6871832899057967,0.2210956988327175,0.2206197137297002,0.222375050307491,0.4640480846660619,0.4599730317426312,0.4642593120891752
3,100,20,random,5,2.274883197969757,2.268112596939318,2.2764970149146397,0.5693406908540055,0.5681373280240223,0.5698575708083808,1.7027597236447036,1.6971315126866102,1.7038458089809865,0.0027936351252719,0.0027827834710478,0.0028437562286853,3652.0,3638.0,3659.0,0.625311489271511,0.6221637100067339,0.6253412177941323,0.1564982657652571,0.1557413421176225,0.1566411160805134,0.4673023024208738,0.4656588709978099,0.4679160498170968
4,100,40,nearest,5,1.2997111990116537,1.2945189389865843,1.311740264063701,0.4315101034007966,0.4307021306594834,0.4361186675960198,0.8702365828212351,0.8614445045823231,0.874062197864987,0.0015568372327834,0.001547587220557,0.0015593986026942,2096.0,2096.0,2096.0,0.6200912209025066,0.6176139976081033,0.6258302786563459,0.2058731409354945,0.2054876577573871,0.2080718833950476,0.4151892093612763,0.4109945155450015,0.4170144073783334
4,100,40,ppo_sampled,5,2.830151863046922,2.82190762704704,2.842767267022282,1.0027176523581147,1.002315443009138,1.0046450211666524,1.82259255531244,1.816701882169582,1.8364197588525712,0.0029142865678295,0.0028906913939863,0.0029158780816942,3740.0,3736.0,3746.0,0.7545207558949304,0.7538486876839537,0.7575352952481054,0.2679987815532454,0.2676768959845474,0.2684174318209853,0.4864688102920718,0.4857491663555032,0.4878459730493683
4,100,40,random,5,2.401234458899125,2.3927374200429767,2.403884539962746,0.6057253079488873,0.6045824837638065,0.6060935810673982,1.7914708690950647,1.785379535169341,1.7948854162823409,0.0029116820078343,0.0029055426130071,0.0029123243875801,3684.0,3683.0,3689.0,0.6494944136924475,0.6493731042657966,0.6521549318031302,0.1641548964875934,0.1640733449690015,0.1641976980072885,0.4846307098722423,0.4844274599129901,0.4865483077390181
5,500,5,nearest,5,6.1142598380101845,6.112315541016869,6.121760393958539,2.32514354318846,2.3240967139136046,2.333483362221159,3.780781285720877,3.776676440960728,3.7808459327789024,0.0074094111332669,0.0073914572130888,0.0074310989584773,10096.0,10096.0,10096.0,0.6056121075683621,0.6054195266458864,0.6063550310973196,0.2303034412825337,0.2301997537553095,0.2311294930884666,0.374483090899453,0.3740765096038755,0.3744894941342019
5,500,5,ppo_sampled,5,9.888143665972166,9.87291776202619,9.888174123945646,3.1167327080620453,3.107365060597658,3.120131614618004,6.75832029839512,6.75254423788283,6.7680188089143485,0.0131381488172337,0.0130906595150008,0.0131601459579542,17127.0,17100.0,17133.0,0.5782540155539279,0.5762515474246303,0.5792054708923317,0.1822650706469032,0.1813672480358173,0.1827838176407571,0.3952234092628724,0.3943147756300599,0.3956532673137012
5,500,5,random,5,9.500574473990127,9.48308066802565,9.51913069805596,2.737752554821782,2.727948999265209,2.7464952368754894,6.749628729885444,6.741907614981756,6.759515048586763,0.0131204125937074,0.0130143767455592,0.0131931892829015,17121.0,17085.0,17128.0,0.555991513232636,0.555053009542034,0.557428259050005,0.1604167535117977,0.1596692419821603,0.1608054902626828,0.3948084252430794,0.3946097521206763,0.3957195136672135
6,500,10,nearest,5,6.428103643003851,6.419184423983097,6.43534541700501,2.4406449840171263,2.431670974590816,2.453489608131349,3.988875639392063,3.971015356946737,3.996074503520504,0.0076028774492442,0.0075570290209725,0.0076438296819105,10096.0,10096.0,10096.0,0.6366980628965779,0.6358146220268519,0.6374153542992284,0.2417437583218231,0.2408548905101838,0.2430160071445472,0.3950946552488176,0.3933256098402076,0.3958076964659769
6,500,10,ppo_sampled,5,10.824112460017204,10.793450527009554,10.842265895102171,3.3876707423478365,3.381087352754548,3.3888933992711827,7.425921214628033,7.422954741050489,7.439881517319009,0.0134909785119816,0.0134869766188785,0.0135057799052447,17397.0,17357.0,17399.0,0.623226182393641,0.6221111822528423,0.6237448466212115,0.1947975742525253,0.1947049107619884,0.195098830354808,0.4278343731421348,0.4276531308454911,0.4278636083988305
6,500,10,random,5,10.231594687094912,10.226377829094416,10.247020800947212,2.868581346469,2.863130518933758,2.8760911020217463,7.349672658368945,7.349419990670867,7.357090679812245,0.0135933499550446,0.0135746517917141,0.0136371594853699,17341.0,17307.0,17348.0,0.5911824514413192,0.5894845416817165,0.5912209482964191,0.1657468854491824,0.1650933414856636,0.1659908473957195,0.4241903842369038,0.4236610939802251,0.4246501410221799
7,500,20,nearest,5,6.812378351925872,6.802498369012028,6.826313065015711,2.503769239410758,2.4961573616601527,2.5097968401387334,4.310991203645244,4.293177342158742,4.322617746074684,0.0075410977005958,0.0075379572808742,0.0075941388495266,10096.0,10096.0,10096.0,0.6747601378690444,0.6737815341731407,0.6761403590546465,0.2479961607974205,0.2472422109409818,0.2485931893956748,0.4269999211217555,0.4252354736686551,0.4281515200153213
7,500,20,ppo_sampled,5,12.70530684303958,12.66628610889893,12.720950386021286,3.867752991965972,3.866327287396416,3.873032527626492,8.818170418497175,8.784541900386102,8.826432463247329,0.0141356608364731,0.0141038969159126,0.0142308188369497,18294.0,18262.0,18321.0,0.6934832619965929,0.6934287482159327,0.6935870172433978,0.2113985332474478,0.2107564615642636,0.2117924100298966,0.4818965538178207,0.4813149074011885,0.4821076526515631
7,500,20,random,5,11.679862031014636,11.591007510083728,11.72418712300714,3.013860600651242,2.991683087660931,3.0196840558201075,8.651699718204327,8.584763388265856,8.690484564518556,0.01411886990536,0.0140185026684775,0.0143017121590673,18129.0,18117.0,18168.0,0.6417108153077782,0.6397862510395611,0.6428810012667677,0.1653773559450321,0.1651312627731374,0.1658884082260701,0.4755617255608679,0.4738512661183339,0.4762054006056983
8,500,40,nearest,5,7.102222419925965,7.074163889046758,7.132735174964182,2.566709969076328,2.555617919308133,2.5743106533773243,4.520100004621781,4.510810673935339,4.547097109956667,0.0077528766123577,0.0077352958032861,0.0077903248602524,10096.0,10096.0,10096.0,0.7034689401669934,0.7006897671401305,0.706491201957625,0.2542303852096204,0.2531317273482699,0.2549832263646319,0.4477119655924902,0.446791865484879,0.4503860053443608
8,500,40,ppo_sampled,5,14.48907130002044,14.429185239016078,14.585120341042057,4.865792331052944,4.85898961185012,4.888373443391174,9.60824187786784,9.555337270488964,9.680634624441154,0.0150611662538722,0.0150370910996571,0.0151387099176645,18783.0,18710.0,18786.0,0.7713928179747879,0.7712913982571157,0.7753061474112044,0.2597001395964789,0.2590529910585606,0.2602136401251556,0.5119320266758939,0.5115392577260204,0.5127035162952641
8,500,40,random,5,12.775107815978116,12.697249581920914,12.806843713042326,3.2375045369844884,3.2307854320388287,3.237540034460835,9.52269607805647,9.451807262725197,9.554603629861958,0.0147000487195327,0.0146725066006183,0.0149072009371593,18499.0,18482.0,18553.0,0.688573697837445,0.6880704114332241,0.6891900242033503,0.1748186919215542,0.1748071329963655,0.1750116241126998,0.5132698796990497,0.5116295029440527,0.5135674569457414
9,1000,5,nearest,5,13.64975535904523,13.60290235292632,13.670358092989773,5.327708590310067,5.324104821775109,5.33486942073796,8.310509316739626,8.278550044400617,8.32749352348037,0.015141220530495,0.0150844044983387,0.0151559791993349,20096.0,20096.0,20096.0,0.6792274760671392,0.67689601676584,0.6802526917291886,0.2651128876547605,0.2649335600007518,0.2654692187867217,0.4135404715734289,0.4119501415406358,0.4143856251731872
9,1000,5,ppo_sampled,5,22.329478881903924,22.18849690502975,22.3569629980484,7.403985111275688,7.403279965859838,7.461285908822901,14.869529499788769,14.758562273578718,14.882839405559936,0.0261475894367322,0.0260479575954377,0.0263492969097569,33339.0,33256.0,33434.0,0.6684207122618689,0.667867406888315,0.6686494496365715,0.222909052101894,0.2226360690183933,0.2231512713489323,0.4447227106326112,0.4447161592232554,0.4456307095563073
9,1000,5,random,5,21.0814115050016,21.03491119097453,21.083028066088445,5.90491013857536,5.903996924171224,5.908792801084928,15.150759515818208,15.104676559683869,15.151734364684671,0.0268404084490612,0.0263835628284141,0.0271928498987108,33489.0,33485.0,33519.0,0.6288700714065744,0.6281140431477359,0.628987382263446,0.1762966025910365,0.1761660592074751,0.1768090194184375,0.4510339681592125,0.4509891962055211,0.4520342004440666
10,1000,10,nearest,5,14.352029610075988,14.29107209504582,14.399394753971135,5.675620106630959,5.674921023193747,5.681120902532712,8.655624445178546,8.633347022812814,8.69531624764204,0.0153266674606129,0.0153095538262277,0.0154233506182208,20096.0,20096.0,20096.0,0.714173447953622,0.711140132118124,0.7165303918178313,0.2824253635863335,0.2823905763930009,0.2826990894970497,0.4307137960379452,0.4296052459600325,0.4326889056350537
10,1000,10,ppo_sampled,5,23.80349732399918,23.77073270501569,23.92321104207076,7.919299369095825,7.909096421906725,7.937760127242655,15.838963795336896,15.83458540448919,15.976753962924704,0.0268561607226729,0.0268269346561282,0.0270508786197751,33978.0,33905.0,34068.0,0.7020645133165958,0.6995918743014801,0.7021575839297574,0.2327710995911096,0.2324351903112859,0.2341176855107699,0.4671571684216751,0.466024645490882,0.4689253019554666
10,1000,10,random,5,22.2728534960188,22.210118689923547,22.28217601403594,6.174583138083108,6.160474215168506,6.186177617171779,16.058707072166726,16.022573063964956,16.080681376508437,0.0271344949724152,0.0270714107900857,0.0276304116705432,34081.0,34023.0,34096.0,0.6528236263341128,0.6527971869007303,0.6532394854533904,0.1810679309634219,0.1809030568991886,0.1814341159423914,0.4709850736792212,0.4709335762268158,0.4711321158006691
11,1000,20,nearest,5,15.271190403960643,15.240729165961966,15.337785100913608,5.839817554806359,5.818760197958909,5.852642672602087,9.41561572405044,9.406534633249976,9.469403094262816,0.0156809440813958,0.0154906749958172,0.0157393340487033,20096.0,20096.0,20096.0,0.7599119428722455,0.7583961567457188,0.7632257713432328,0.2905960168593928,0.2895481786404711,0.291234209424865,0.4685318334021914,0.4680799479125187,0.4712083546110079
11,1000,20,ppo_sampled,5,28.943878635996956,28.804760521044955,28.97279373393394,9.14948662428651,9.10469066852238,9.150818550493568,19.763272336218503,19.68747894384433,19.79368637385778,0.0293919134419411,0.0290801589144393,0.0296207357896491,36476.0,36469.0,36505.0,0.7928743634021902,0.7896907698499,0.7936045935485174,0.2503615876110294,0.2496556162363207,0.2506730187780733,0.5413853536835641,0.5397378809037264,0.5424495283824541
11,1000,20,random,5,25.819907982018776,25.737258455948904,25.870883488096297,6.528626864310354,6.516281277872622,6.538329353905283,19.252826668322086,19.19240747019649,19.290384525083937,0.0287519597914069,0.0286764284828677,0.0295607812004163,36016.0,35906.0,36174.0,0.7167954786372446,0.7141732512414343,0.7169275617652466,0.1814816821108623,0.1807466510174513,0.1818896651991321,0.5336855895344872,0.5334117755331638,0.534518115919247
12,1000,40,nearest,5,15.650164130958728,15.491415817989036,15.803898551966997,5.969156965380535,5.951919873827137,6.051939597004093,9.682671178132296,9.525809620623477,9.734145481372252,0.0156497352290898,0.0156032386003062,0.0157404314959421,20096.0,20096.0,20096.0,0.7787701100198412,0.7708706119620341,0.7864201110652366,0.2970320942167861,0.2961743567788185,0.3011514528763979,0.4818208189755322,0.4740152080326172,0.4843822393198772
12,1000,40,ppo_sampled,5,31.425611892947927,31.38194998400286,31.47944735502824,10.82433784333989,10.808319590403698,10.832155417301692,20.572202491224743,20.54474084021058,20.597633787663653,0.0290715583832934,0.0289694900857284,0.0292921453947201,36621.0,36473.0,36761.0,0.8599973067895921,0.8552902466350623,0.8616130258807317,0.2950125808159827,0.2947155030080972,0.2967767346623499,0.5640392205528677,0.5594866035846859,0.5645361505997057
12,1000,40,random,5,28.09086068801116,27.92393892002292,28.108242533984598,6.985534119885415,6.963958740583621,6.989262796356343,21.075736831640825,20.930300008272752,21.08939437835943,0.0296620180597528,0.0295897364849224,0.0296801711665466,36724.0,36656.0,36752.0,0.764488482919016,0.7597937233354082,0.7649183282869829,0.1894851638164894,0.1892626313634316,0.1902171364743877,0.5738954588726943,0.5703331573114017,0.5744215258491059
13,2000,5,nearest,5,32.025460835080594,31.913998096017167,32.03753902902827,13.019291808246637,12.962296539684758,13.049595035030508,18.94435959821567,18.862809654907323,19.04347510414664,0.031767385196872,0.0317038804059848,0.0318966328632086,40096.0,40096.0,40096.0,0.7987195938517706,0.7959396971273236,0.7990208257439213,0.3247030079869971,0.3232815378013955,0.3254587748162038,0.4724750498357858,0.4704411825346,0.4749470047921647
13,2000,5,ppo_sampled,5,56.24607430689503,56.14581739902496,56.27018237207085,20.03266742208507,20.022258742596023,20.052017223788425,36.171013392158784,36.041354574263096,36.18506667588372,0.0526678124442696,0.0524482741020619,0.0528021721402183,65153.0,64841.0,65218.0,0.8636621855029062,0.8631037711163682,0.865899930584429,0.3079657474866278,0.3074711436477993,0.3092490434106263,0.5553860401805553,0.5546170289208314,0.555842053241978
13,2000,5,random,5,49.15075272100512,49.03809145302512,49.34919105598237,13.204843153245749,13.201838577981109,13.237298814114183,35.89632002601866,35.77882307639811,36.058780150604434,0.0531120912637561,0.0528115913039073,0.053225559880957,64961.0,64935.0,65198.0,0.7569223488258277,0.7569126515534583,0.7570321171370706,0.2033051683018796,0.2032733971651567,0.203680800409598,0.5528038812045685,0.5521530978967025,0.5530657405227835
14,2000,10,nearest,5,33.806131573044695,33.793324823025614,33.90266313403845,14.10803013772238,14.04866668372415,14.141857646405697,19.725295540411025,19.653195676859468,19.728907780488957,0.0320990084437653,0.0320450747385621,0.0321414701174944,40096.0,40096.0,40096.0,0.8431297778592551,0.8428103756740227,0.8455583772050991,0.3518562983270745,0.3503757652564881,0.3527087578602244,0.4919517044196684,0.4901535234651702,0.4920540661052239
14,2000,10,ppo_sampled,5,59.185670752078295,58.63696628797334,59.32405376597308,21.24597079853993,21.05202064430341,21.28949206066318,37.71942629455589,37.531190132838674,37.84206261741929,0.0541160739958286,0.0537555108312517,0.054126929375343,66555.0,66422.0,66606.0,0.8872080544069194,0.8860675764609638,0.888593681531368,0.3193882770173021,0.3177395208108744,0.3196332471648677,0.5667406850658235,0.5658684436083863,0.5681479538993377
14,2000,10,random,5,51.509247021982446,51.4833784790244,51.75685430993326,13.736452116863802,13.708629188477062,13.808464624686168,37.72066015179735,37.71821778186131,37.89355837425683,0.0545771232573315,0.0540891387499868,0.0548313109902665,66489.0,66415.0,66614.0,0.7756068310287098,0.7755664687492652,0.7769666182774381,0.207290729046239,0.2068275557760114,0.2077240984980442,0.56791715398421,0.5673218149137053,0.5688527693016007
15,2000,20,nearest,5,36.15153990511317,36.02040037000552,36.2474641869776,14.80562644766178,14.769731019856408,14.816594356903806,21.348939893534407,21.182448004488837,21.39789637620561,0.0328875994309783,0.0328689917223528,0.032888556830585,40096.0,40096.0,40096.0,0.9016245985912102,0.8983539597467458,0.9040169639609336,0.3692544505103197,0.3683592133842879,0.3695279917424133,0.5324456278315645,0.5282932962013376,0.5336666095422389
15,2000,20,ppo_sampled,5,70.40963698201813,70.27916335000191,70.60027749591973,23.97154110262636,23.952185235451907,24.055593200493604,46.377998130978085,46.266301544965245,46.48352664115373,0.0605518487282097,0.0600977484136819,0.060676569584757,71258.0,71208.0,71485.0,0.9831316129258152,0.9816747111429664,0.9907698433287452,0.3350658912422453,0.3342192446409341,0.3375844564890062,0.6472169202625061,0.6466175635906821,0.6523271301629814
15,2000,20,random,5,60.62937104899902,60.57091396802571,60.66102320502978,14.779360684216954,14.774598283460364,14.791594995185733,45.78810784092639,45.73608661768958,45.80856240040157,0.0613440211163833,0.0608658094424754,0.0614293013932183,71139.0,70976.0,71279.0,0.8542235551312982,0.851444551765216,0.8561675868531945,0.2082303973768168,0.2076863363761138,0.2093422535386686,0.6451209964061991,0.6429115761774776,0.6459512681268021
16,2000,40,nearest,5,37.52765298099257,37.12692880898248,37.92886886198539,15.67850346583873,15.264914365136065,15.696289991145022,21.829462174908254,21.81646191084292,22.145180794177577,0.0326602071290835,0.032552350196056,0.0326876043109223,40096.0,40096.0,40096.0,0.9359683995758216,0.925950937973426,0.9459514380981991,0.3910338811781701,0.3807091571512386,0.3914677272332657,0.5444299225585659,0.5441192645178431,0.5523039902777728
16,2000,40,ppo_sampled,5,78.21720428299159,78.1274451270001,78.39914930099621,27.35531478654593,27.312653717584908,27.384418764035217,50.848625606508,50.75320690497756,50.93765339453239,0.0618790284497663,0.0617902145022526,0.0618873670464381,73929.0,73641.0,74001.0,1.0569749636219996,1.0567902328856078,1.0607834222651946,0.369444382009562,0.369126919325963,0.3714685404400528,0.6871343036784368,0.6868163312967845,0.6884746022465135
16,2000,40,random,5,65.5122865800513,65.29539038601797,65.54334973997902,15.669025168637743,15.596588990651073,15.714536793879232,49.781799002201296,49.51957077591214,49.884885834297165,0.0614624092122539,0.0612828162265941,0.0618749150307849,72666.0,72635.0,73393.0,0.8982461714884016,0.8923180655964282,0.8989521633650165,0.215036810654209,0.2141416651590138,0.2156307649882716,0.681759080001544,0.6781799942126129,0.6823591661341295
